English Label,Vietnamese Translation,Module Source
<strong>Company:</strong>,<strong>Công ty:</strong>,health_pwa
<strong>Database:</strong>,<strong>Cơ sở dữ liệu:</strong>,health_pwa
"<strong>Install Health Mobile</strong>
                        <span>Get the best mobile experience</span>","<strong>Cài đặt Health Di động</strong>
                        <span>Nhận trải nghiệm di động tốt nhất</span>",health_pwa
<strong>User ID:</strong>,<strong>ID người dùng:</strong>,health_pwa
<strong>User Name:</strong>,<strong>Tên người dùng:</strong>,health_pwa
Access Denied,Từ chối truy cập,health_pwa
Back to Main System,Quay lại hệ thống chính,health_pwa
Click install,Nhấp vào cài đặt,health_pwa
Click the install icon and confirm to install Health Mobile,Nhấp vào biểu tượng cài đặt và xác nhận để cài đặt Health Di động,health_pwa
Confirm installation,Xác nhận cài đặt,health_pwa
"Find and tap \\""Add to Home screen\\"" or \\""Install\\"" in the menu","Tìm và chạm vào \\""Thêm vào màn hình chính\\"" hoặc \\""Cài đặt\\"" trong trình đơn",health_pwa
Health Mobile,Health Di động,health_pwa
"Health Mobile is not available right now. 
                    Please check your internet connection and try again.","Health Di động hiện không khả dụng.
                    Vui lòng kiểm tra kết nối internet và thử lại.",health_pwa
Health Mobile will be available as a desktop application,Health Di động sẽ khả dụng như một ứng dụng máy tính để bàn,health_pwa
Health PWA Debug Information,Thông tin gỡ lỗi Health PWA,health_pwa
Install,Cài đặt,health_pwa
Install our app for the best mobile experience,Cài đặt ứng dụng để có trải nghiệm di động tốt nhất,health_pwa
JavaScript Test,Kiểm tra JavaScript,health_pwa
Later,Để sau,health_pwa
Launch the app,Khởi chạy ứng dụng,health_pwa
Loading healthcare data...,Đang tải dữ liệu y tế...,health_pwa
Look for the install icon,Tìm biểu tượng cài đặt,health_pwa
Look for the share icon at the bottom of your Safari browser,Tìm biểu tượng chia sẻ ở cuối trình duyệt Safari,health_pwa
Look for the three dots in the top-right corner of your Chrome browser,Tìm nút ba chấm ở góc trên bên phải của trình duyệt Chrome,health_pwa
Next Steps,Các bước tiếp theo,health_pwa
Open Health Mobile,Mở Health Di động,health_pwa
"Scroll down in the share menu and tap \\""Add to Home Screen\\\","Cuộn xuống trong trình đơn chia sẻ và chạm \\""Thêm vào Màn hình chính\\\",health_pwa
"Select \\""Add to Home Screen\\\","Chọn \\""Thêm vào Màn hình chính\\\",health_pwa
"Select \\""Add to Home screen\\\","Chọn \\""Thêm vào màn hình chính\\\",health_pwa
Static Files Test,Kiểm tra tệp tĩnh,health_pwa
"Tap \\""Add\\"" to install Health Mobile on your home screen","Chạm \\""Thêm\\"" để cài Health Di động lên màn hình chính",health_pwa
"Tap \\""Install\\"" to add Health Mobile to your home screen","Chạm \\""Cài đặt\\"" để thêm Health Di động vào màn hình chính",health_pwa
Tap the Share button,Chạm nút Chia sẻ,health_pwa
Tap the menu button,Chạm nút trình đơn,health_pwa
Test API,Kiểm tra API,health_pwa
Test Debug Controller,Kiểm tra bộ điều khiển gỡ lỗi,health_pwa
Test Manifest,Kiểm tra tệp manifest,health_pwa
Testing CSS loading...,Đang kiểm tra tải CSS...,health_pwa
Testing debug endpoint...,Đang kiểm tra đầu cuối gỡ lỗi...,health_pwa
Try Again,Thử lại,health_pwa
"You don't have permission to access Health Mobile. 
                    Please contact your administrator to get access to the health modules.","Bạn không có quyền truy cập Health Di động.
                    Vui lòng liên hệ quản trị viên để được cấp quyền vào các mô-đun y tế.",health_pwa
You should see an install icon in your browser's address bar,Bạn sẽ thấy biểu tượng cài đặt trên thanh địa chỉ của trình duyệt,health_pwa
You're Offline,Bạn đang ngoại tuyến,health_pwa
✓ Template Rendering Works,✓ Kết xuất mẫu hoạt động,health_pwa
Health PWA Configuration,Cấu hình Health PWA,health_pwa
Name,Tên,health_pwa
Clinic Phone Number,Số điện thoại phòng khám,health_pwa
Clinic Name,Tên phòng khám,health_pwa
Company,Công ty,health_pwa
Active,Kích hoạt,health_pwa
Notes,Ghi chú,health_pwa
Health PWA Controller is working!,Bộ điều khiển Health PWA đang hoạt động!,health_pwa
Healthcare Mobile Application for Field Workers,Ứng dụng di động chăm sóc sức khỏe cho nhân viên hiện trường,health_pwa
Health Mobile - Progressive Web Application,Health Di động - Ứng dụng web lũy tiến,health_pwa
Patients,Bệnh nhân,health_pwa
Field Orders,Lệnh dịch vụ hiện trường,health_pwa
View patient list,Xem danh sách bệnh nhân,health_pwa
Manage field service orders,Quản lý lệnh dịch vụ hiện trường,health_pwa
Access denied,Từ chối truy cập,health_pwa
Patient not found,Không tìm thấy bệnh nhân,health_pwa
Order not found,Không tìm thấy đơn hàng,health_pwa
Cannot start service in {order.state} state,Không thể bắt đầu dịch vụ khi trạng thái là {thứ tự.trạng thái},health_pwa
Service completed successfully,Hoàn tất dịch vụ thành công,health_pwa
Service completed - No invoice created (zero amount),Hoàn tất dịch vụ - Không tạo hóa đơn (số tiền bằng 0),health_pwa
"Service completed - {payment_method.replace(""_"", "" "").title()} payment collected","Hoàn tất dịch vụ - Đã thu tiền qua phương thức {thanh toán_phương thức.replace(""_"", "" "").danh xưng()}",health_pwa
"Service completed - {payment_method.replace(""_"", "" "").title()} payment noted","Hoàn tất dịch vụ - Đã ghi nhận thanh toán qua {thanh toán_phương thức.replace(""_"", "" "").danh xưng()}",health_pwa
Service completed - Invoice will be sent for later payment,Hoàn tất dịch vụ - Hóa đơn sẽ được gửi để thanh toán sau,health_pwa
Service completed successfully without invoice,Hoàn tất dịch vụ thành công mà không lập hóa đơn,health_pwa
Clinical notes saved successfully,Đã lưu ghi chú lâm sàng thành công,health_pwa
Intake notes saved successfully,Đã lưu ghi chú tiếp nhận thành công,health_pwa
No quote found for this order,Không tìm thấy báo giá cho đơn này,health_pwa
Quote updated successfully,Cập nhật báo giá thành công,health_pwa
Invoice verified and saved successfully,Đã xác nhận và lưu hóa đơn thành công,health_pwa
Visit cancellation reason recorded successfully,Đã ghi nhận lý do hủy lịch thành công,health_pwa
Next visit scheduled successfully,Đã lên lịch lần thăm khám tiếp theo thành công,health_pwa
No image provided,Không có hình ảnh được cung cấp,health_pwa
Product ID required,Cần mã sản phẩm,health_pwa
Product not found,Không tìm thấy sản phẩm,health_pwa
Line ID required,Cần mã dòng,health_pwa
Line not found,Không tìm thấy dòng,health_pwa
Invalid action,Thao tác không hợp lệ,health_pwa
No patient associated with this order,Không có bệnh nhân liên kết với đơn này,health_pwa
Invalid FSO or patient mismatch,FSO không hợp lệ hoặc không khớp bệnh nhân,health_pwa
Using cached user data (offline),Đang dùng dữ liệu người dùng đã lưu (ngoại tuyến),health_pwa
Syncing data...,Đang đồng bộ dữ liệu...,health_pwa
Data synced successfully,Đồng bộ dữ liệu thành công,health_pwa
Sync failed: ,Đồng bộ thất bại: ,health_pwa
Cannot start service while offline,Không thể bắt đầu dịch vụ khi ngoại tuyến,health_pwa
Service started successfully!,Bắt đầu dịch vụ thành công!,health_pwa
Failed to start service: ,Không thể bắt đầu dịch vụ: ,health_pwa
Error starting service: ,Lỗi khi bắt đầu dịch vụ: ,health_pwa
"Please fill in Clinical Notes before completing the service. Click \\""Clinical Notes\\"" button to add them.","Vui lòng điền Ghi chú lâm sàng trước khi hoàn tất dịch vụ. Nhấn nút \\""Ghi chú lâm sàng\\"" để thêm.",health_pwa
Cannot complete service while offline,Không thể hoàn tất dịch vụ khi ngoại tuyến,health_pwa
Please select a Payment Method before collecting payment.,Vui lòng chọn phương thức thanh toán trước khi thu tiền.,health_pwa
Service completed successfully!,Hoàn tất dịch vụ thành công!,health_pwa
Failed to complete service: ,Không thể hoàn tất dịch vụ: ,health_pwa
Error completing service: ,Lỗi khi hoàn tất dịch vụ: ,health_pwa
Cannot save clinical notes while offline,Không thể lưu ghi chú lâm sàng khi ngoại tuyến,health_pwa
Clinical notes saved successfully!,Đã lưu ghi chú lâm sàng thành công!,health_pwa
Failed to save clinical notes: ,Không thể lưu ghi chú lâm sàng: ,health_pwa
Error saving clinical notes: ,Lỗi khi lưu ghi chú lâm sàng: ,health_pwa
Cannot check next visit while offline,Không thể kiểm tra lần hẹn tiếp theo khi ngoại tuyến,health_pwa
Failed to check next visit status,Không thể kiểm tra trạng thái lần hẹn tiếp theo,health_pwa
Error checking next visit: ,Lỗi khi kiểm tra lần hẹn tiếp theo: ,health_pwa
Please select a reason,Vui lòng chọn lý do,health_pwa
"Please enter explanation for \\""Other\\"" reason","Vui lòng nhập giải thích cho lý do \\""Khác\\\",health_pwa
Cannot submit while offline,Không thể gửi khi ngoại tuyến,health_pwa
Noted: Patient does not need future visits,Đã ghi nhận: Bệnh nhân không cần lần thăm khám tiếp theo,health_pwa
Failed to submit: ,Không thể gửi: ,health_pwa
Error submitting: ,Lỗi khi gửi: ,health_pwa
Please select a date,Vui lòng chọn ngày,health_pwa
Please select a time,Vui lòng chọn giờ,health_pwa
Please add at least one service,Vui lòng thêm ít nhất một dịch vụ,health_pwa
Please assign a nurse,Vui lòng phân công y tá,health_pwa
Cannot schedule while offline,Không thể lên lịch khi ngoại tuyến,health_pwa
Next visit scheduled successfully!,Đã lên lịch lần thăm khám tiếp theo thành công!,health_pwa
Failed to schedule: ,Không thể lên lịch: ,health_pwa
Error scheduling: ,Lỗi khi lên lịch: ,health_pwa
Cannot upload images while offline,Không thể tải ảnh lên khi ngoại tuyến,health_pwa
Image uploaded successfully!,Tải ảnh lên thành công!,health_pwa
Failed to upload image: ,Không thể tải ảnh lên: ,health_pwa
Error uploading image: ,Lỗi khi tải ảnh lên: ,health_pwa
Cannot load invoice while offline,Không thể tải hóa đơn khi ngoại tuyến,health_pwa
Error loading quote: ,Lỗi khi tải báo giá: ,health_pwa
Cannot save quote while offline,Không thể lưu báo giá khi ngoại tuyến,health_pwa
Invoice verified and saved successfully!,Đã xác nhận và lưu hóa đơn thành công!,health_pwa
Failed to save quote: ,Không thể lưu báo giá: ,health_pwa
Error saving quote: ,Lỗi khi lưu báo giá: ,health_pwa
Cannot load catalog while offline,Không thể tải danh mục khi ngoại tuyến,health_pwa
Product added successfully!,Thêm sản phẩm thành công!,health_pwa
Failed to add product: ,Không thể thêm sản phẩm: ,health_pwa
Error adding product: ,Lỗi khi thêm sản phẩm: ,health_pwa
Line updated successfully!,Cập nhật dòng thành công!,health_pwa
Failed to update line: ,Không thể cập nhật dòng: ,health_pwa
Error updating line: ,Lỗi khi cập nhật dòng: ,health_pwa
Line removed successfully!,Xóa dòng thành công!,health_pwa
Failed to remove line: ,Không thể xóa dòng: ,health_pwa
Error removing line: ,Lỗi khi xóa dòng: ,health_pwa
No address available,Không có địa chỉ,health_pwa
Not set,Chưa thiết lập,health_pwa
Draft,Nháp,health_pwa
Confirmed,Đã xác nhận,health_pwa
Assigned,Đã phân công,health_pwa
In Progress,Đang thực hiện,health_pwa
Completed,Đã hoàn thành,health_pwa
Cancelled,Đã hủy,health_pwa
Unknown,Không xác định,health_pwa
Camera not supported on this device,Thiết bị này không hỗ trợ camera,health_pwa
Camera permission denied,Quyền truy cập camera bị từ chối,health_pwa
No file selected,Chưa chọn tệp,health_pwa
Geolocation not supported,Thiết bị không hỗ trợ định vị,health_pwa
Failed to get location,Không thể lấy vị trí,health_pwa
Location permission denied,Quyền truy cập vị trí bị từ chối,health_pwa
Location unavailable,Không thể xác định vị trí,health_pwa
Location request timeout,Yêu cầu vị trí quá thời gian,health_pwa
App update available. Refresh to update.,Có bản cập nhật ứng dụng. Hãy tải lại để cập nhật.,health_pwa
New version available! Please refresh the app.,Đã có phiên bản mới! Vui lòng tải lại ứng dụng.,health_pwa
Today,Hôm nay,health_pwa
Day,Ngày,health_pwa
Week,Tuần,health_pwa
Month,Tháng,health_pwa
Select date,Chọn ngày,health_pwa
Loading bookings...,Đang tải lịch hẹn...,health_pwa
Loading details...,Đang tải chi tiết...,health_pwa
Close,Đóng,health_pwa
Booking Details,Chi tiết đặt lịch,health_pwa
Scheduled Visit,Lịch thăm khám,health_pwa
Date & Time:,Ngày & Giờ:,health_pwa
Services:,Dịch vụ:,health_pwa
Package:,Gói:,health_pwa
Contact Information,Thông tin liên hệ,health_pwa
Address:,Địa chỉ:,health_pwa
Primary Contact:,Liên hệ chính:,health_pwa
Call,Gọi,health_pwa
View Intake Summary,Xem tóm tắt tiếp nhận,health_pwa
Cancel/Refuse Visit,Hủy/Từ chối lượt thăm,health_pwa
Start Service,Bắt đầu dịch vụ,health_pwa
Clinical Notes,Ghi chú lâm sàng,health_pwa
Diagnosis,Chẩn đoán,health_pwa
Type here...,Nhập tại đây...,health_pwa
Referring Doctor,Bác sĩ giới thiệu,health_pwa
Goal of Care,Mục tiêu chăm sóc,health_pwa
Required Equipment,Thiết bị yêu cầu,health_pwa
Intake Notes,Ghi chú tiếp nhận,health_pwa
Verification Notes,Ghi chú xác minh,health_pwa
Required: Explain the changes made to Qty or Discount...,Bắt buộc: Giải thích các thay đổi về Số lượng hoặc Chiết khấu...,health_pwa
Add any general comments about this invoice...,Thêm bất kỳ ghi chú chung nào về hóa đơn này...,health_pwa
Invoice verified successfully!,Xác minh hóa đơn thành công!,health_pwa
Cancel,Hủy,health_pwa
Save Quote,Lưu báo giá,health_pwa
Payment,Thanh toán,health_pwa
Complete Service - Payment Collection,Hoàn tất dịch vụ - Thu tiền,health_pwa
Payment Timing,Thời điểm thanh toán,health_pwa
Pay Now,Trả ngay,health_pwa
Pay Later,Trả sau,health_pwa
Payment Method,Phương thức thanh toán,health_pwa
Cash,Tiền mặt,health_pwa
Card,Thẻ,health_pwa
Bank Transfer,Chuyển khoản,health_pwa
Service Notes,Ghi chú dịch vụ,health_pwa
Enter any additional service or payment notes...,Nhập thêm ghi chú dịch vụ hoặc thanh toán...,health_pwa
Create Invoice Now,Tạo hóa đơn ngay,health_pwa
Amount,Số tiền,health_pwa
Now,Ngay,health_pwa
Complete Payment,Hoàn tất thanh toán,health_pwa
Clinical Observations,Quan sát lâm sàng,health_pwa
Enter clinical observations...,Nhập quan sát lâm sàng...,health_pwa
Enter diagnosis...,Nhập chẩn đoán...,health_pwa
Describe treatment provided...,Mô tả điều trị đã thực hiện...,health_pwa
Enter clinical notes...,Nhập ghi chú lâm sàng...,health_pwa
Attach Photo,Đính kèm ảnh,health_pwa
Take Photo,Chụp ảnh,health_pwa
Verify Invoice,Xác minh hóa đơn,health_pwa
Qty,SL,health_pwa
Disc %,CK %,health_pwa
Price,Giá,health_pwa
Total,Tổng,health_pwa
Discount Reason:,Lý do giảm giá:,health_pwa
Required: Explain discount,Bắt buộc: Giải thích chiết khấu,health_pwa
Subtotal,Tạm tính,health_pwa
Tax,Thuế,health_pwa
"<i class=""fa fa-calendar-plus-o""/> Schedule","<i class=""fa fa-calendar-plus-o""/> Lịch trình",health_base
"<i class=""fa fa-exclamation-triangle""/> Insurance has expired - please update","<i class=""fa fa-exclamation-triangle""/> Bảo hiểm đã hết hạn - vui lòng cập nhật",health_base
"<i class=""fa fa-history""/> History","<i class=""fa fa-history""/> Lịch sử",health_base
"<i class=""fa fa-stethoscope""/> Clinical documentation system integration coming soon","<i class=""fa fa-stethoscope""/> Hệ thống tài liệu lâm sàng sắp tích hợp",health_base
"<i class=""fa fa-timeline""/> Client timeline with appointments, treatments, and key events will be displayed here.","<i class=""fa fa-timeline""/> Khách hàng dòng thời gian với cuộc hẹns, điều trịs, và key sự kiệns will be displayed ở đây.",health_base
"<small class=""health-text-xs"">Beds</small><br/>","<small class=""health-text-xs"">Giường bệnh</small><br/>",health_base
"<small class=""health-text-xs"">Capacity</small><br/>","<small class=""health-text-xs"">Sức chứa</small><br/>",health_base
"<small class=""health-text-xs"">Facility Code</small><br/>","<small class=""health-text-xs"">Cơ sở Mã</small><br/>",health_base
"<small class=""health-text-xs"">Home Visits</small><br/>","<small class=""health-text-xs"">Trang chủ Lần kháms</small><br/>",health_base
"<small class=""health-text-xs"">Location</small><br/>","<small class=""health-text-xs"">Vị trí</small><br/>",health_base
"<small class=""health-text-xs"">Monthly Revenue</small><br/>","<small class=""health-text-xs"">Hàng tháng Doanh thu</small><br/>",health_base
"<small class=""health-text-xs"">Patients</small><br/>","<small class=""health-text-xs"">Bệnh nhâns</small><br/>",health_base
"<small class=""health-text-xs"">Type</small><br/>","<small class=""health-text-xs"">Loại</small><br/>",health_base
"<small class=""text-muted"">Next Visit:</small><br/>","<small class=""text-muted"">Lần khám tiếp theo:</small><br/>",health_base
"<small class=""text-muted"">⚠️ Critical for client safety - please be thorough</small>","<small class=""text-muted"">⚠️ Quan trọng cho sự an toàn của khách hàng - vui lòng cẩn thận kỹ lưỡng</small>",health_base
"<span class=""o_stat_text"">Beds</span>","<span class=""o_stat_text"">Giường bệnh</span>",health_base
"<span class=""o_stat_value"">0</span>
                                <span class=""o_stat_text"">Lab Results</span>","<span class=""o_stat_value"">0</span>
                                <span class=""o_stat_text"">Kết quả xét nghiệm</span>",health_base
"<span class=""o_stat_value"">0</span>
                                <span class=""o_stat_text"">Prescriptions</span>","<span class=""o_stat_value"">0</span>
                                <span class=""o_stat_text"">Đơn thuốcs</span>",health_base
"<strong><i class=""fa fa-exclamation-triangle""/> ALLERGIES:</strong>","<strong><i class=""fa fa-exclamation-triangle""/> Dị ứng:</strong>",health_base
"<strong><i class=""fa fa-info-circle""/> NEW CLIENT:</strong>
                        Please complete all required information and verify insurance details.","<strong><i class=""fa fa-info-circle""/> NEW CLIENT:</strong>
                        Vui lòng complete tất cả bắt buộc thông tin và verify bảo hiểm chi tiết.",health_base
<strong>Age/Gender:</strong>,<strong>Tuổi/Giới tính:</strong>,health_base
<strong>ID:</strong>,<strong>ID:</strong>,health_base
<strong>Mobile:</strong>,<strong>Di động:</strong>,health_base
AB+,AB+,health_base
AB-,AB-,health_base
Accepted Insurance Providers,Chấp nhậned Bảo hiểm Nhà cung cấps,health_base
Accepts Insurance,Chấp nhậns Bảo hiểm,health_base
Action Needed,Cần xử lý,health_base
Activate,Kích hoạt,health_base
Active,Đang hoạt động,health_base
Active Packages,Đang hoạt động Góis,health_base
Activities,Các hoạt động,health_base
Activities of Daily Living Score (0-6),Các hoạt động of Hàng ngày Living Điểm (0-6),health_base
Activity Exception Decoration,Hoạt động Exception Decoration,health_base
Activity State,Hoạt động Tỉnh/Thành,health_base
Activity Type Icon,Hoạt động Loại Biểu tượng,health_base
Address,Địa chỉ,health_base
Address Information,Thông tin địa chỉ,health_base
Address Search,Địa chỉ Tìm kiếm,health_base
"Address geocoded: %.6f, %.6f","Địa chỉ geomãd: %.6f, %.6f",health_base
"Administrator - system configuration, user management","Quản trị viên - hệ thống Cấu hình, Người dùng quản lý",health_base
Advertisement,Quảng cáo,health_base
Age,Tuổi,health_base
Age Display,Hiển thị tuổi,health_base
All facility licenses are current.,Tất cả Cơ sở giấy phéps are current.,health_base
Alley Number,Alley Số,health_base
Ambulatory Aid,Dụng cụ hỗ trợ di chuyển,health_base
Analgesic,Thuốc giảm đau,health_base
Antibiotic,Kháng sinh,health_base
Antihypertensive,Thuốc hạ huyết áp,health_base
Apartment Number,Apartment Số,health_base
Apply to Pricing,Áp dụng Đến Pricing,health_base
As Needed,Như là Nhu cầued,health_base
Assessed By,Assessed Bởi,health_base
Assessment,Đánh giá,health_base
Assessment Date,Đánh giá Ngày,health_base
Assigned healthcare provider is unavailable,Phân cônged Y tế nhà cung cấp là uncó sẵn,health_base
Attachment Count,Số lượng tệp đính kèm,health_base
Audit Log,Nhật ký kiểm toán,health_base
Auto Assign Staff,Auto Phân công Nhân viên,health_base
Auto-computed: This person is responsible for payment (based on health.client.relation),Auto-computed: Này person là Người phụ trách cho Thanh toán (based trên Y tế.Khách hàng.relation),health_base
Auto-computed: This person serves as emergency contact (based on health.client.relation),Auto-computed: Này person đóng vai trò là Liên hệ khẩn cấp (based trên Y tế.Khách hàng.relation),health_base
Automatically formatted Vietnamese address,Automatically biểu mẫuatted Địa chỉ Việt Nam,health_base
Automation Settings,Automation Cài đặt,health_base
Availability,Khả năng phục vụ,health_base
Available Beds,Có sẵn Giường bệnh,health_base
Available for Home Visits,Có sẵn cho Khám tại nhà,health_base
Available in Clinic,Có sẵn trong Phòng khám,health_base
Available via Telemedicine,Có sẵn via Khám bệnh từ xa,health_base
Average Travel Time (Minutes),Trung bình Travel Giờ (Phúts),health_base
Ba Na,Ba Na,health_base
Base Home Visit Fee (VND),Base Khám tại nhà Fee (VND),health_base
Base Price (VND),Giá cơ bản (VND),health_base
"Base Price: 100,000 VND → Holiday Price:","Giá cơ bản: 100,000 VND → Ngày lễ Giá:",health_base
Base Travel Fee (VND),Phí đi lại cơ bản (VND),health_base
Base price must be positive!,Base giá must be positive!,health_base
Basic Information,Thông tin cơ bản,health_base
Basic healthcare access - can view own data,Basic Y tế truy cập - can Xem own data,health_base
Billing & Invoicing,Thanh toán & Invoicing,health_base
Blood Group,Nhóm máu,health_base
Booking Cancellation Reason,Đặt lịch Hủy bỏ Lý do,health_base
Booking was created in error or is a duplicate,Đặt lịch was Đã tạo trong Lỗi hoặc là a Nhân bản,health_base
Booking was created with incorrect information,Đặt lịch was Đã tạo với inđúng thông tin,health_base
Bookings,Đặt lịchs,health_base
Branch Clinic,Chi nhánh Phòng khám,health_base
Branch Clinics,Chi nhánh Phòng kháms,health_base
Brand Name,Brand Tên,health_base
"Brief summary of relevant medical history, chronic conditions, previous surgeries, etc.","Brief Tóm tắt of relevant Tiền sử bệnh, mãn tính conditions, Trước surgeries, etc.",health_base
Building Name,Building Tên,health_base
Business License Number,Business Số giấy phép,health_base
CDC Guidelines,CDC Guidelines,health_base
Cancellation reason must be unique!,Hủy bỏ lý do must be unique!,health_base
Capabilities,Năng lực,health_base
Capacity,Sức chứa,health_base
Cardiac Medication,Thẻiac Thuốc,health_base
Cardiology,Tim mạch,health_base
Cardiovascular,Thẻiovascular,health_base
Category,Danh mục,health_base
Category A,Danh mục A,health_base
Category B,Danh mục B,health_base
Category C,Danh mục C,health_base
Category D,Danh mục D,health_base
Category Name,Danh mục Tên,health_base
Category X,Danh mục X,health_base
Category name must be unique!,Danh mục Tên must be unique!,health_base
Central Vietnam,Miền Trung Vietnam,health_base
Check License,Kiểm tra Giấy phép,health_base
Check if this employee provides healthcare services,Kiểm tra nếu này nhân viên provides Y tế dịch vụs,health_base
Chest Pain,Đau ngực,health_base
Children under 18 years,Conren dưới 18 năms,health_base
Children's healthcare,Conren's Y tế,health_base
Choice Options (one per line),Choice Tùy chọn (one per line),health_base
Chăm,Chăm,health_base
City,Thành phố,health_base
Client,Khách hàng,health_base
Client Categories,Khách hàng Categories,health_base
"Client Categories"" editable=""bottom","Khách hàng Categories"" có thể chỉnh sửa=""cuối",health_base
Client Category,Danh mục khách hàng,health_base
Client Data Changes,Khách hàng Data Changes,health_base
Client Full Name,Khách hàng Họ và tên,health_base
Client ID,Khách hàng ID,health_base
Client Journey,Khách hàng Journey,health_base
Client Management,Khách hàng Quản lý,health_base
Client Name,Khách hàng Tên,health_base
"Client Record"" class=""o_form_patient_record","Khách hàng Bản ghi"" class=""o_biểu mẫu_bệnh nhân_bản ghi",health_base
Client Registry,Khách hàng Registry,health_base
Client Search,Khách hàng Tìm kiếm,health_base
Client Source,Nguồn khách hàng,health_base
Client Status,Trạng thái khách hàng,health_base
Client Timeline,Khách hàng Dòng thời gian,health_base
"Client's occupation (e.g., Teacher, Engineer)","Khách hàng's occupation (e.g., Tmỗier, Engineer)",health_base
Clients,Khách hàng,health_base
Clients I Care For,Khách hàng tôi chăm sóc,health_base
"Clients I Care For"" widget=""statinfo","Khách hàng tôi chăm sóc"" tiện ích=""statthông tin",health_base
Clients I Pay For,Khách hàng tôi thanh toán,health_base
"Clients I Pay For"" widget=""statinfo","Khách hàng tôi thanh toán"" tiện ích=""statthông tin",health_base
Clients I Referred,Khách hàng tôi giới thiệu,health_base
"Clients I Referred"" widget=""statinfo","Khách hàng tôi giới thiệu"" tiện ích=""statthông tin",health_base
Clinic Visit,Khám tại phòng khám,health_base
Clinical Intelligence,Lâm sàng Intelligence,health_base
Clinical Notes,Lâm sàng Ghi chú,health_base
Clinical Notes &amp; Provider Communications,Lâm sàng Ghi chú &amp; Nhà cung cấp Communications,health_base
Clinical Protocols,Lâm sàng Giao thứcs,health_base
Closed,Đóngd,health_base
Code,Mã,health_base
Cognitive Impairment,Suy giảm nhận thức,health_base
Color Index,Mã màu,health_base
Common Side Effects,Tác dụng phụ thường gặp,health_base
Configuration,Cấu hình,health_base
Consolidated Healthcare Audit Log,Consolingàyd Y tế Nhật ký kiểm toán,health_base
Consultation,Tư vấn,health_base
Consultation Rooms,Tư vấn Phòngs,health_base
"Consultation: 200,000 VND → Holiday Price: <strong>600,000 VND</strong> (if multiplier = 3.0)","Tư vấn: 200,000 VND → Ngày lễ Giá: <strong>600,000 VND</strong> (nếu multiplier = 3.0)",health_base
Contact,Liên hệ,health_base
Contact Email,Liên hệ Email,health_base
Contact Information,Liên hệ Thông tin,health_base
Contact Person,Liên hệ Person,health_base
Contact Phone,Liên hệ Điện thoại,health_base
Contraindications,Chống chỉ định,health_base
Conversion Rate (%),Chuyển đổi Tỷ lệ (%),health_base
Corporate,Công ty,health_base
Cost per Lead (VND),Chi phí per Tiềm năng (VND),health_base
Cough,Ho,health_base
Country,Quốc gia,health_base
Coverage Areas,Bao phủ Diện tíchs,health_base
Coverage Details,Bao phủ Chi tiết,health_base
Coverage percentage must be between 0 and 100!,Bao phủ phần trăm must be giữa 0 và 100!,health_base
Covers Clinic Visits,Cquas Phòng khám Lần khám,health_base
Covers Emergency,Cquas Khẩn cấp,health_base
Covers Home Visits,Cquas Khám tại nhà,health_base
Covers Telemedicine,Cquas Khám bệnh từ xa,health_base
Create Facility,Tạo mới Cơ sở,health_base
"Create public holidays with pricing multipliers for TET, National holidays, etc.","Tạo mới Công khai ngày lễs với pricing multipliers cho TET, National ngày lễs, etc.",health_base
"Create your first client record to begin managing healthcare services.<br>
                Click the <strong>New</strong> button above to register your first client.","Tạo mới của bạn đầu tiên Khách hàng bản ghi Đến begin managing Y tế dịch vụs.<br>
                Nhấn the <strong>Mới</strong> nút trên Đến đăng ký của bạn đầu tiên Khách hàng.",health_base
Create your first healthcare facility to start managing locations and services.,Tạo mới của bạn đầu tiên Cơ sở y tế Đến bắt đầu managing địa điểm và dịch vụs.,health_base
Created by,Tạo bởi,health_base
Created on,Đã tạo trên,health_base
Crutches/Cane/Walker (15 points),Nạng/Gậy/Khung tập đi (15 điểm),health_base
Currency,Tiền tệ,health_base
Custom Protocol,Tùy chỉnh Giao thức,health_base
Cơ Ho,Cơ Ho,health_base
Daily,Hàng ngày,health_base
Dao,Dao,health_base
Data entry error,Data entry Lỗi,health_base
Date,Ngày,health_base
Date (Day),Ngày (Ngày),health_base
Date (Month),Ngày (Tháng),health_base
Date (Week),Ngày (Tuần),health_base
Date of Birth,Ngày sinh,health_base
Date when coordinates were last updated,Ngày khi nào Tọa độ were last đã cập nhật,health_base
Deceased,Đã mất,health_base
Deductible Amount (VND),Deductible Số tiền (VND),health_base
Default Coverage %,Mặc định Bao phủ %,health_base
Default Currency,Mặc định Tiền tệ,health_base
Default Urgency,Mặc định Khẩn cấp,health_base
Delete,Xóa,health_base
Description,Mô tả,health_base
Diabetic Medication,Diabetic Thuốc,health_base
Difficulty breathing or breathlessness,Difficulty breathing hoặc breathít hơnness,health_base
Digestive,Tiêu hóa,health_base
Display Name,Display Tên,health_base
District Name,Quận/Huyện Tên,health_base
District name must be unique within province!,Quận/Huyện Tên must be unique vớiin Tỉnh!,health_base
Doctor,Bác sĩ,health_base
"Doctor - full clinical access, prescriptions, diagnoses","Bác sĩ - Đầy đủ Lâm sàng truy cập, đơn thuốcs, diagnoses",health_base
Doctor Referral,Bác sĩ Giới thiệu,health_base
Dropdown menu,Thảxuống Trình đơn,health_base
Duplicate booking,Nhân bản đặt lịch,health_base
Duration (Minutes),Thời lượng (Phúts),health_base
Duration (days),Thời lượng (days),health_base
Duration must be positive!,Thời lượng must be positive!,health_base
Dân tộc,Dân tộc,health_base
Edit,Chỉnh sửa,health_base
Elderly care and geriatric medicine,Elderly care và geriatric y học,health_base
Elevated body temperature,Elevated thân temperature,health_base
Email,Email,health_base
Emergency,Khẩn cấp,health_base
Emergency Client,Khẩn cấp Khách hàng,health_base
Emergency Contact,Liên hệ khẩn cấp,health_base
Emergency Contact Name,Tên người liên hệ khẩn cấp,health_base
Emergency Contact Phone,Số điện thoại liên hệ khẩn cấp,health_base
Emergency Services,Khẩn cấp Dịch vụs,health_base
Emergency Visits (Last 12 Months),Khẩn cấp Lần khám (Last 12 Thángs),health_base
Emergency or urgent care patient,Khẩn cấp hoặc Khẩn cấp care Bệnh nhân,health_base
Emergency priority case,Khẩn cấp Ưu tiên case,health_base
Emergency situation,Khẩn cấp situation,health_base
Emergency/Force Majeure,Khẩn cấp/Force Majeure,health_base
Employee,Nhân viên,health_base
Equipment Required,Thiết bị Bắt buộc,health_base
Equipment unavailable,Thiết bị uncó sẵn,health_base
Evidence Level,Evidence Mức độ,health_base
Excellent,Xuất sắc,health_base
Extreme weather making travel unsafe,Thời tiết cực đoan gây nguy hiểm khi di chuyển,health_base
Facebook,Facebook,health_base
Facilities,Các cơ sở,health_base
Facility,Cơ sở,health_base
Facility Code,Mã cơ sở,health_base
Facility Details,Cơ sở Chi tiết,health_base
Facility Name,Tên cơ sở,health_base
Facility Patients,Bệnh nhân của cơ sở,health_base
Facility Record,Hồ sơ cơ sở,health_base
Facility Type,Loại cơ sở,health_base
Facility code must be unique!,Mã cơ sở must be unique!,health_base
Facility code...,Mã cơ sở...,health_base
Facility is unavailable or has issues preventing service delivery,Cơ sở là uncó sẵn hoặc has issues prsự kiệning dịch vụ giao hàng,health_base
Facility issues,Cơ sở issues,health_base
Facility name...,Tên cơ sở...,health_base
Fair,Trung bình,health_base
Fall Risk Assessment,Fall Rủi ro Đánh giá,health_base
Female,Nữ,health_base
Fever,Sốt,health_base
Field,Trường,health_base
Field Changed,Trường Changed,health_base
"Finance - billing, invoicing, financial reports","Tài chính - thanh toán, invoicing, financial Báo cáo",health_base
Financial & Insurance,Financial & Bảo hiểm,health_base
Financial Constraints,Hạn chế tài chính,health_base
Financial Settings,Financial Cài đặt,health_base
Financial constraints,Hạn chế tài chính,health_base
First Name,Tên,health_base
Follow-up,Theo dõi,health_base
Followers,Người theo dõi,health_base
Followers (Partners),Người theo dõi (Đối tács),health_base
Font awesome icon e.g. fa-tasks,Phông chữ awemột số biểu tượng e.g. fa-nhiệm vụs,health_base
Frequency,Tần suất,health_base
Friend/Family,Bạn bè/Gia đình,health_base
Furniture (30 points),Bám đồ đạc (30 điểm),health_base
GPS Coordinates,Tọa độ GPS,health_base
GPS:,GPS:,health_base
Gait/Transfer,Dáng đi/Di chuyển,health_base
Gender,Giới tính,health_base
General,Tổng quát,health_base
General Consultation,Tổng quát Tư vấn,health_base
General Medicine,Tổng quát Y học,health_base
General medical consultation,Tổng quát Y khoa Tư vấn,health_base
General medical practice,Tổng quát Y khoa practice,health_base
Generic Name,Generic Tên,health_base
Geocoding Successful,Geocoding Thành côngful,health_base
Geocoding Failed,Geocoding Thất bại,health_base
Geocoding failed: %s,Geocoding Thất bại: %s,health_base
Geocoding service error (HTTP %s). Please try again later.,Geocoding dịch vụ Lỗi (HTTP %s). Vui lòng try again sau.,health_base
Geographical latitude,Geobiểu đồical Vĩ độ,health_base
Geographical longitude,Geobiểu đồical Kinh độ,health_base
Geolocation Date,Ngày xác định vị trí,health_base
Geriatrics,Lão khoa,health_base
Gia Rai,Gia Rai,health_base
Good,Tốt,health_base
Google,Google,health_base
Government,Chính phủ,health_base
Government restrictions or pandemic protocols,Chính phủ restrictions hoặc pandemic giao thứcs,health_base
Group By,Nhóm theo,health_base
H'Mông,H'Mông,health_base
Has Caregiver,Has Người chăm sóc,health_base
Has Message,Has Tin nhắn,health_base
Head Nurse,Head Y tá,health_base
"Head Nurse - nurse supervision, advanced clinical access","Head Y tá - Y tá supervision, advanced Lâm sàng truy cập",health_base
Head pain or discomfort,Head pain hoặc discomfort,health_base
Headache,Đau đầu,health_base
Health License Number,Y tế Số giấy phép,health_base
Health Symptom,Y tế Triệu chứng,health_base
Healthcare,Y tế,health_base
Healthcare Clinical Protocol Templates,Y tế Lâm sàng Giao thức Mẫus,health_base
Healthcare Facilities,Y tế Các cơ sở,health_base
Healthcare Facility,Cơ sở y tế,health_base
Healthcare Management System,Y tế Quản lý Hệ thống,health_base
Healthcare Patient,Y tế Bệnh nhân,health_base
Healthcare Relationships,Y tế Mối quan hệ,health_base
Healthcare Role,Y tế Vai trò,health_base
Healthcare Service Type,Y tế Dịch vụ Loại,health_base
Healthcare Staff,Y tế Nhân viên,health_base
Healthcare: Administrator,Y tế: Quản trị viên,health_base
Healthcare: Base Access,Y tế: Base Truy cập,health_base
Healthcare: Doctor,Y tế: Bác sĩ,health_base
Healthcare: Finance,Y tế: Tài chính,health_base
Healthcare: Head Nurse,Y tế: Head Y tá,health_base
Healthcare: Manager,Y tế: Người quản lý,health_base
Healthcare: Nurse,Y tế: Y tá,health_base
Healthcare: Operations Manager,Y tế: Vận hành Người quản lý,health_base
Healthcare: Owner,Y tế: Chủ sở hữu,health_base
Healthcare: Patient Portal,Y tế: Bệnh nhân Cổng thông tin,health_base
Healthcare: Receptionist,Y tế: Lễ tân,health_base
Healthcare: Sales,Y tế: Bán hàng,health_base
Heart and cardiovascular care,Heart và thẻiovascular care,health_base
High,Cao,health_base
High Priority,Cao Ưu tiên,health_base
High Risk (61-100),Cao Rủi ro (61-100),health_base
High Risk (≥45),Cao Rủi ro (≥45),health_base
Higher priority emergency case requires staff resources,Caoer Ưu tiên Khẩn cấp case requires nhân viên renguồns,health_base
Higher score = higher priority,Caoer điểm = caoer Ưu tiên,health_base
History of Falling (25 points),Lịch sử of Falling (25 points),health_base
Hoa (Chinese),Hoa (Chinese),health_base
Holiday Changes,Ngày lễ Changes,health_base
Holiday Dates,Ngày lễ Ngàys,health_base
"Holiday Name (e.g., TET Nguyen Dan 2025)","Ngày lễ Tên (e.g., TET Nguyen Dan 2025)",health_base
Holiday Type,Ngày lễ Loại,health_base
Home Care Center,Trang chủ Care Trung tâm,health_base
Home Care Centers,Trang chủ Care Trung tâms,health_base
Home Environment Assessment,Trang chủ Environment Đánh giá,health_base
Home Visit,Khám tại nhà,health_base
Home Visit Coverage,Khám tại nhà Bao phủ,health_base
Home Visit Coverage Areas,Khám tại nhà Bao phủ Diện tíchs,health_base
Home Visit Radius (KM),Khám tại nhà Radius (KM),health_base
Home Visit Settings,Khám tại nhà Cài đặt,health_base
"Home Visit: 500,000 VND → Holiday Price: <strong>1,500,000 VND</strong> (if multiplier = 3.0)","Khám tại nhà: 500,000 VND → Ngày lễ Giá: <strong>1,500,000 VND</strong> (nếu multiplier = 3.0)",health_base
Home Visits Available,Khám tại nhà Có sẵn,health_base
Home visit radius cannot be negative!,Khám tại nhà radius cannot be negative!,health_base
Home visit radius cannot be negative.,Khám tại nhà radius cannot be negative.,health_base
Home visit radius seems too large (>100km).,Khám tại nhà radius seems too large (>100km).,health_base
Hospital Referral,Bệnh viện Giới thiệu,health_base
House Number,House Số,health_base
ID,ID,health_base
IV Therapy/Heparin Lock (20 points),IV Trị liệu/Heparin Lock (20 points),health_base
Icon,Biểu tượng,health_base
Icon to indicate an exception activity.,Biểu tượng Đến indicate an exception Hoạt động.,health_base
"If checked, new messages require your attention.","Nếu kiểm traed, Mới Tin nhắn require của bạn attention.",health_base
"If checked, some messages have a delivery error.","Nếu kiểm traed, một số Tin nhắn have a giao hàng Lỗi.",health_base
Imaging,Chẩn đoán hình ảnh,health_base
Imaging Services,Chẩn đoán hình ảnh Dịch vụs,health_base
Impaired (20 points),Suy giảm (20 điểm),health_base
Inactive,Không hoạt động,health_base
"Include this holiday in pricing calculations (TET, National holidays = True, Observances = False)","Include này ngày lễ trong pricing calculations (TET, National ngày lễs = Đúng, Observances = Sai)",health_base
Inspections,Kiểm tras,health_base
Instructions,Hướng dẫn,health_base
Insurance,Bảo hiểm,health_base
Insurance & Billing,Bảo hiểm & Thanh toán,health_base
Insurance Details,Bảo hiểm Chi tiết,health_base
Insurance Expiry,Ngày hết hạn bảo hiểm,health_base
Insurance Number,Số bảo hiểm,health_base
Insurance Provider,Nhà cung cấp bảo hiểm,health_base
Insurance Providers,Bảo hiểm Nhà cung cấps,health_base
Interaction Description,Tương tác Mô tả,health_base
Interaction between these medications already exists!,Tương tác giữa những này thuốcs đã tồn tại!,health_base
Interactions,Tương tác,health_base
Interactive map will display when coordinates are available,Tương tác Bản đồ will display khi nào Tọa độ are có sẵn,health_base
Internal Medicine,Nội bộ Y học,health_base
Internal medicine and adult healthcare,Nội bộ y học và adult Y tế,health_base
Intervention Name,Can thiệp Tên,health_base
Intervention Type,Can thiệp Loại,health_base
Invoice Changes,Hóa đơn Changes,health_base
Is Caregiver,Là người chăm sóc,health_base
Is Emergency Contact,Là liên hệ khẩn cấp,health_base
Is Follower,Là Người theo dõi,health_base
Is Healthcare Facility,Là cơ sở y tế,health_base
Is Healthcare Staff,Là nhân viên y tế,health_base
Is Patient,Là bệnh nhân,health_base
Is Payer,Là người thanh toán,health_base
Is Referrer,Là người giới thiệu,health_base
Khmer,Khmer,health_base
Khu vực đặt tên,Khu vực đặt tên,health_base
Kinh (Vietnamese),Kinh,health_base
Known Allergies,Dị ứng đã biết,health_base
Laboratory,Phòng xét nghiệm,health_base
Laboratory Services,Phòng xét nghiệm Dịch vụs,health_base
Last 30 Days,30 ngày qua,health_base
Last 7 Days,7 ngày qua,health_base
Last Inspection Date,Last Kiểm tra Ngày,health_base
Last Month,Tháng trước,health_base
Last Name,Họ,health_base
Last Updated,Last Đã cập nhật,health_base
Last Updated by,Cập nhật lần cuối bởi,health_base
Last Updated on,Cập nhật lần cuối vào,health_base
Last Visit,Lần khám gần nhất,health_base
Latitude,Vĩ độ Địa lý,health_base
"Latitude, Longitude coordinates","Vĩ độ, Kinh độ Tọa độ",health_base
Leave blank for national holidays,Rời khỏi blank cho national ngày lễs,health_base
"Leave blank for national holidays, or specify province for regional holidays","Rời khỏi blank cho national ngày lễs, hoặc chỉ định Tỉnh cho khu vựcal ngày lễs",health_base
License Expiring Soon,Giấy phép Expiring Sớm,health_base
License Expiry Alert,Ngày hết hạn giấy phép Alert,health_base
License Expiry Date,Ngày hết hạn giấy phép Ngày,health_base
License Status,Giấy phép Trạng thái,health_base
License expiry date cannot be in the past.,Ngày hết hạn giấy phép Ngày cannot be trong the past.,health_base
Licensing,Giấy phép hành nghề,health_base
Licensing & Compliance,Licensing & Tuân thủ,health_base
Life-threatening condition requiring immediate attention,Life-threatening Tình trạng requiring immediate attention,health_base
Linked facility record if this contact is a healthcare facility,Liên kếted Hồ sơ cơ sở nếu này Liên hệ là a Cơ sở y tế,health_base
"List all known allergies (medications, foods, environmental)","Danh sách Tất cả Dị ứng đã biết (thuốcs, foods, environmental)",health_base
Lives Alone,Sống một mình,health_base
Local Protocol,Local Giao thức,health_base
Location Information,Vị trí Thông tin,health_base
Logistics,Hậu cần,health_base
Longitude,Kinh độ Địa lý,health_base
Low,Thấp,health_base
Low Priority,Thấp Ưu tiên,health_base
Low Risk (0-24),Thấp Rủi ro (0-24),health_base
Low Risk (0-30),Thấp Rủi ro (0-30),health_base
MOH Compliance Information,MOH Tuân thủ Thông tin,health_base
Main Clinic,Main Phòng khám,health_base
Main Clinics,Main Phòng kháms,health_base
Major,Nghiêm trọng,health_base
Male,Nam,health_base
Management,Quản lý,health_base
"Manager - facility management, full operational access","Người quản lý - Cơ sở quản lý, Đầy đủ hoạt độngal truy cập",health_base
Mark if this user is healthcare staff,Mark nếu này Người dùng Là nhân viên y tế,health_base
Marketing Tracking,Tiếp thị Theo dõi,health_base
Max Annual Coverage (VND),Max Annual Bao phủ (VND),health_base
Max Daily Patients,Max Hàng ngày Bệnh nhân,health_base
Medical History,Tiền sử bệnh,health_base
Medical History Summary,Tóm tắt tiền sử bệnh,health_base
Medical Information,Thông tin y tế,health_base
Medical Specialties,Chuyên khoa y tế,health_base
Medical Specialty,Y khoa Chuyên khoa,health_base
Medical consultation at patient's home,Y khoa Tư vấn tại Bệnh nhân's Trang chủ,health_base
Medication,Thuốc,health_base
Medication 1,Thuốc 1,health_base
Medication 2,Thuốc 2,health_base
Medication Class,Thuốc Class,health_base
Medication Compliance,Thuốc Tuân thủ,health_base
Medication Interaction,Thuốc Tương tác,health_base
Medication Name,Thuốc Tên,health_base
Medication Safety,Thuốc An toàn,health_base
Medication Safety System,Thuốc An toàn Hệ thống,health_base
Medication name must be unique!,Thuốc Tên must be unique!,health_base
Medium,Trung bình,health_base
Medium Priority,Trung bình Ưu tiên,health_base
Medium Risk (25-44),Trung bình Rủi ro (25-44),health_base
Medium Risk (31-60),Trung bình Rủi ro (31-60),health_base
Mental Health,Mental Y tế,health_base
Mental Status,Mental Trạng thái,health_base
Message Delivery error,Tin nhắn Giao hàng Lỗi,health_base
Messages,Tin nhắn,health_base
Middle Name,Tên đệm,health_base
Minor,Nhẹ,health_base
Mobile,Di động,health_base
Mobile Unit,Di động Đơn vị,health_base
Mobility Issues,Vấn đề vận động,health_base
Model,Mô hình,health_base
Model Name,Mô hình Tên,health_base
Moderate,Modetỷ lệ,health_base
Monitoring,Theo dõi,health_base
Monthly,Hàng tháng,health_base
Monthly Revenue,Doanh thu hàng tháng,health_base
Morse Fall Score,Morse Fall Điểm,health_base
Multiple Choice,Nhiều Choice,health_base
Multiplier for service pricing,Multiplier cho dịch vụ pricing,health_base
Musculoskeletal,Cơ xương khớp,health_base
Must have at least one consultation room!,Must have tại ít nhất one Tư vấn phòng!,health_base
My Activity Deadline,Của tôi Hoạt động Hạn chót,health_base
Mã tỉnh/thành phố,Mã tỉnh/thành phố,health_base
Mường,Mường,health_base
Named Area,Tênd Diện tích,health_base
National Holiday,National Ngày lễ,health_base
National Holidays,National Ngày lễs,health_base
National ID,Căn cước công dân,health_base
National ID (CCCD/CMND),Căn cước công dân (CCCD/CMND),health_base
Natural disaster,Thiên tai,health_base
Natural disaster affecting service delivery,Natural disaster affecting dịch vụ giao hàng,health_base
Neurological,Thần kinh,health_base
New,Mới,health_base
New Appointment,Cuộc hẹn mới,health_base
New Client,Khách hàng mới,health_base
New Value,Mới Giá trị,health_base
Next Activity Calendar Event,Tiếp theo Hoạt động Lịch Sự kiện,health_base
Next Activity Deadline,Tiếp theo Hoạt động Hạn chót,health_base
Next Activity Summary,Tiếp theo Hoạt động Tóm tắt,health_base
Next Activity Type,Tiếp theo Hoạt động Loại,health_base
Next Inspection Date,Tiếp theo Kiểm tra Ngày,health_base
Next Scheduled Visit,Lần khám tiếp theo đã lên lịch,health_base
No audit logs found,Không audit logs được tìm thấy,health_base
No coordinates found for this address. Please check the address details.,Không Tọa độ được tìm thấy cho này Địa chỉ. Vui lòng kiểm tra the Địa chỉ Chi tiết.,health_base
No facilities,Không Các cơ sở,health_base
No healthcare facilities found,Không Y tế Các cơ sở được tìm thấy,health_base
No public holidays defined yet!,Không Công khai ngày lễs defined yet!,health_base
None/Bed rest/Nurse assist (0 points),Không có/Giường bệnh rest/Y tá assist (0 points),health_base
Normal/Bed rest/Immobile (0 points),Bình thường/Giường bệnh rest/Imdi động (0 points),health_base
Northern Vietnam,Miền Bắcern Vietnam,health_base
Number of Actions,Số of Hành động,health_base
Number of Chronic Conditions,Số of Mãn tính Conditions,health_base
Number of Medications,Số of Thuốcs,health_base
Number of errors,Số of lỗis,health_base
Number of messages requiring action,Số of Tin nhắn requiring hành động,health_base
Number of messages with delivery error,Số of Tin nhắn với giao hàng Lỗi,health_base
Numeric,Số,health_base
Nurse,Y tá,health_base
"Nurse - patient care, basic clinical notes","Y tá - Bệnh nhân care, basic Lâm sàng Ghi chú",health_base
Nursing,Điều dưỡng,health_base
Nursing Care,Chăm sóc điều dưỡng,health_base
Nùng,Nùng,health_base
Observance,Tuân thủ,health_base
Old Value,Old Giá trị,health_base
Once,Một lần,health_base
Online medical consultation via Zalo/Messenger,Online Y khoa Tư vấn via Zalo/Messenger,health_base
Operating Hours,Opeđánh giá Giờs,health_base
Operational,Hoạt độngal,health_base
Operations Manager,Vận hành Người quản lý,health_base
"Operations Manager - scheduling oversight, staff coordination","Vận hành Người quản lý - scheduling quasight, nhân viên coordination",health_base
Optional,Tùy chọn,health_base
Oriented to own ability (0 points),Oriented Đến own ability (0 points),health_base
Other,Khác,health_base
Overestimates/Forgets limitations (15 points),Quaestimates/Forgets limitations (15 points),health_base
"Owner - full system access, business oversight","Chủ sở hữu - Đầy đủ hệ thống truy cập, business quasight",health_base
Paid Marketing Source,Đã thanh toán Tiếp thị Nguồn,health_base
Pain & Discomfort,Đau và khó chịu,health_base
Pain or discomfort in chest area,Pain hoặc discomfort trong chest diện tích,health_base
Pandemic/Epidemic restrictions,Hạn chế do đại dịch/dịch bệnh,health_base
Parking Spaces,Parking Spaces,health_base
Partner Clinic,Đối tác Phòng khám,health_base
Patient,Bệnh nhân,health_base
Patient Category,Danh mục bệnh nhân,health_base
Patient Education,Bệnh nhân Education,health_base
Patient ID,Mã bệnh nhân,health_base
Patient ID Display,Hiển thị mã bệnh nhân,health_base
"Patient Portal - view own records, book appointments","Bệnh nhân Cổng thông tin - Xem own bản ghis, book Các cuộc hẹn",health_base
Patient cannot afford the service at this time,Bệnh nhân cannot afford the dịch vụ tại này Giờ,health_base
Patient cannot arrange transportation to appointment,Bệnh nhân cannot arphạm vi vận chuyểnation Đến Cuộc hẹn,health_base
Patient did not attend and did not notify in advance,Bệnh nhân did not attend và did not notify trong advance,health_base
Patient has an emergency that prevents attendance,Bệnh nhân has an Khẩn cấp đó prsự kiệns attendance,health_base
Patient has another commitment or scheduling conflict,Bệnh nhân has ankhác commitment hoặc scheduling conflict,health_base
Patient is too ill to attend,Bệnh nhân là too ill Đến attend,health_base
Patient no-show,Bệnh nhân Không-Hiển thị,health_base
Patient's condition has improved or service is no longer required,Bệnh nhân's Tình trạng has improved hoặc dịch vụ là Không longer Bắt buộc,health_base
Patient's condition has worsened or they are unable to attend due to illness,Bệnh nhân's Tình trạng has worsened hoặc they are unable Đến attend hạn Đến illness,health_base
Patient-initiated,Bệnh nhân-initiated,health_base
Payment Preferences,Thanh toán Tùy chỉnh,health_base
Pediatric Client,Pediatric Khách hàng,health_base
Pediatrics,Nhi khoa,health_base
Permanently Closed,Permanently Đóngd,health_base
Persistent coughing,Ho kéo dài,health_base
Personal Information,Thông tin cá nhân,health_base
Personalized Fall Prevention Plan,Cá nhânized Fall Prsự kiệnion Kế hoạch,health_base
Pharmacy,Nhà thuốc,health_base
Phone,Điện thoại,health_base
Phone Call,Cuộc gọi điện thoại,health_base
Physical therapy and rehabilitation,Physical trị liệu và Phục hồi chức năng,health_base
Physiotherapy,Vật lý trị liệu,health_base
Phường/Xã,Phường/Xã,health_base
Planning,Kế hoạch,health_base
Please enter a valid email address.,Vui lòng nhập địa chỉ email hợp lệ.,health_base
Please enter a valid mobile number.,Vui lòng nhập số điện thoại di động hợp lệ.,health_base
Please enter a valid phone number.,Vui lòng nhập số điện thoại hợp lệ.,health_base
Please fill in at least the street or city before geocoding.,Vui lòng fill trong tại ít nhất the Đường hoặc Thành phố trước geocoding.,health_base
Poor,Kém,health_base
Postal Code,Mã bưu điện,health_base
Powered by Photon (OpenStreetMap),Powered bởi Photon (MởĐườngMap),health_base
Prefer not to say,Không muốn nói,health_base
Pregnancy Category,Pregnancy Danh mục,health_base
Price Multiplier,Giá Multiplier,health_base
Price multiplier must be positive,Giá multiplier must be positive,health_base
Price ×,Giá ×,health_base
Pricing Changes,Thay đổi giá,health_base
Pricing Configuration,Pricing Cấu hình,health_base
Pricing Examples,Ví dụ giá,health_base
Pricing Examples for,Pricing Examples cho,health_base
Pricing Holidays,Pricing Ngày lễs,health_base
"Pricing multiplier for this holiday (e.g., 3.0 for TET = 3x normal price)","Pricing multiplier cho này ngày lễ (e.g., 3.0 cho TET = 3x Bình thường giá)",health_base
Primary Caregiver,Người chăm sóc chính,health_base
Primary Contacts,Chính Liên hệ,health_base
Primary Facility,Cơ sở y tế chính,health_base
Primary Facility is required for patients. Please select a facility to generate a valid Patient ID.,Cơ sở y tế chính là Bắt buộc cho Bệnh nhân. Vui lòng Chọn a Cơ sở Đến genetỷ lệ a valid Mã bệnh nhân.,health_base
Primary Payer,Người thanh toán chính,health_base
Primary Payment Method,Phương thức thanh toán chính,health_base
Primary Referrer,Người giới thiệu chính,health_base
Prior Admissions (Last 12 Months),Prior Admissions (Last 12 Thángs),health_base
Priority Score,Ưu tiên Điểm,health_base
Priority score must be positive!,Ưu tiên điểm must be positive!,health_base
Profession,Nghề nghiệp,health_base
Professional License Number,Số giấy phép hành nghề,health_base
Professional nursing care,Chuyên nghiệp nursing care,health_base
Professional nursing care services,Chuyên nghiệp nursing care dịch vụs,health_base
Protocol,Giao thức,health_base
Protocol Assessment Question,Giao thức Đánh giá Câu hỏi,health_base
Protocol Description,Giao thức Mô tả,health_base
Protocol Intervention,Giao thức Can thiệp,health_base
Protocol Name,Giao thức Tên,health_base
Protocol Version,Giao thức Phiên bản,health_base
Provider Code,Nhà cung cấp Mã,health_base
Provider Name,Nhà cung cấp Tên,health_base
Provider name must be unique!,Nhà cung cấp Tên must be unique!,health_base
Provider-initiated,Nhà cung cấp-initiated,health_base
Provides Home Visits,Provides Khám tại nhà,health_base
Province,Tỉnh,health_base
Province Code,Mã tỉnh,health_base
Province Name,Tỉnh Tên,health_base
Province code (2 digits)...,Mã tỉnh (2 digits)...,health_base
"Province code must be exactly 2 digits (e.g., 01, 02, 03).","Mã tỉnh must be exactly 2 digits (e.g., 01, 02, 03).",health_base
Province code must be unique!,Mã tỉnh must be unique!,health_base
Province/State,Tỉnh/Tỉnh/Thành,health_base
Psychiatric Medication,Psychiatric Thuốc,health_base
Public Holiday,Công khai Ngày lễ,health_base
Public Holidays,Công khai Ngày lễs,health_base
Question,Câu hỏi,health_base
Question Type,Câu hỏi Loại,health_base
Ratings,Đánh giás,health_base
Readmission Risk Assessment,Readmission Rủi ro Đánh giá,health_base
Reason,Lý do,health_base
Reason Type,Lý do Loại,health_base
Recent Visits,Recent Lần khám,health_base
"Receptionist - patient intake, appointment scheduling","Lễ tân - Bệnh nhân intake, Cuộc hẹn scheduling",health_base
Recommended,Được khuyến nghị,health_base
Recommended Interventions,Recommended Can thiệps,health_base
Record,Bản ghi,health_base
Record ID,Bản ghi ID,health_base
Referral,Giới thiệu,health_base
Referral Source,Nguồn giới thiệu,health_base
Referral Sources,Giới thiệu Nguồns,health_base
Referrals,Giới thiệus,health_base
Region,Khu vực,health_base
Regional Holiday,Khu vựcal Ngày lễ,health_base
Regional Holidays,Khu vựcal Ngày lễs,health_base
Registration Date,Ngày đăng ký,health_base
Registration Details,Đăng ký Chi tiết,health_base
Registration Month,Đăng ký Tháng,health_base
Regular Client,Regular Khách hàng,health_base
Relation to Patient,Mối quan hệ với bệnh nhân,health_base
Required medical equipment is not available,Bắt buộc Y khoa thiết bị là not có sẵn,health_base
Requires Doctor,Requires Bác sĩ,health_base
Requires Manager Approval,Requires Người quản lý Approval,health_base
Requires Nurse,Requires Y tá,health_base
Requires Travel,Cần di chuyển,health_base
Resource Time Off Detail,Chi tiết ngày nghỉ của tài nguyên,health_base
Respiratory,Hô hấp,health_base
Respiratory Medication,Respiratory Thuốc,health_base
Responsible User,Người phụ trách Người dùng,health_base
Risk Assessment,Rủi ro Đánh giá,health_base
Risk Level,Rủi ro Mức độ,health_base
Risk Score (0-100),Rủi ro Điểm (0-100),health_base
Routine check-up or non-urgent consultation,Thường quy kiểm tra-lên hoặc non-Khẩn cấp Tư vấn,health_base
SMS Delivery error,SMS Giao hàng Lỗi,health_base
"Sales - lead management, initial patient contact","Bán hàng - tiềm năng quản lý, ban đầu Bệnh nhân Liên hệ",health_base
Scale (1-10),Thang điểm (1-10),health_base
Schedule New Appointment,Lịch trình Cuộc hẹn mới,health_base
Scheduling conflict,Xung đột lịch trình,health_base
Scope,Phạm vi,health_base
Score for No,Điểm cho Không,health_base
Score for Yes,Điểm cho Có,health_base
Score per Scale Point,Điểm per Scale Point,health_base
Secondary Diagnosis (15 points),Phụ Chẩn đoán (15 points),health_base
Send Priority Alerts,Gửi Ưu tiên Cảnh báo,health_base
Senior Citizen,Senior Công dân,health_base
Senior citizen (65+ years),Senior công dân (65+ năms),health_base
Sequence,Trình tự,health_base
Service Code,Dịch vụ Mã,health_base
Service Delivery,Dịch vụ Giao hàng,health_base
Service Details,Dịch vụ Chi tiết,health_base
Service History,Dịch vụ Lịch sử,health_base
Service Locations,Dịch vụ Địa điểm,health_base
Service Name,Dịch vụ Tên,health_base
Service Order Changes,Dịch vụ Thứ tự Changes,health_base
Service Packages,Dịch vụ Góis,health_base
Service Type,Dịch vụ Loại,health_base
Service Types,Dịch vụ Loạis,health_base
Service code must be unique!,Dịch vụ Mã must be unique!,health_base
Service code...,Dịch vụ Mã...,health_base
Service name...,Dịch vụ Tên...,health_base
Service no longer needed,Dịch vụ Không longer nhu cầued,health_base
Services & Capabilities,Dịch vụs & Capabilities,health_base
Services Offered,Dịch vụs Offered,health_base
Severe weather conditions,Điều kiện thời tiết khắc nghiệt,health_base
Severity,Mức độ nghiêm trọng,health_base
Severity Levels,Mức độ nghiêm trọng Mức độs,health_base
Shortness of Breath,Khó thở,health_base
Skin & Dermatological,Da liễu,health_base
Source,Nguồn,health_base
Source Details,Chi tiết nguồn,health_base
Source Name,Nguồn Tên,health_base
Source Type,Nguồn Loại,health_base
Source name must be unique within the same source type!,Nguồn Tên must be unique vớiin the same Nguồn Loại!,health_base
Southern Vietnam,Miền Tênrn Vietnam,health_base
Special Requirements,Special Yêu cầus,health_base
Specialist,Chuyên gia,health_base
Specialty Code,Chuyên khoa Mã,health_base
Specialty Name,Chuyên khoa Tên,health_base
Specialty name must be unique!,Chuyên khoa Tên must be unique!,health_base
Specific source details,Cụ thể Chi tiết nguồn,health_base
Staff Count Required,Nhân viên Số lượng Bắt buộc,health_base
Staff Requirements,Nhân viên Yêu cầus,health_base
Staff unavailable,Nhân viên uncó sẵn,health_base
Standard healthcare patient,Standard Y tế Bệnh nhân,health_base
Standard medical appointment,Standard Y khoa Cuộc hẹn,health_base
Start typing address (min 3 characters)...,Bắt đầu typing Địa chỉ (min 3 characters)...,health_base
Start typing to search addresses (minimum 3 characters),Bắt đầu typing Đến Tìm kiếm địa chỉes (minimum 3 characters),health_base
State,Tỉnh/Thành,health_base
State/Province,Tỉnh/Thành/Tỉnh,health_base
Statistics,Thống kê,health_base
Status,Trạng thái,health_base
"Status based on activities
Overdue: Due date is already passed
Today: Activity date is today
Planned: Future activities.","Trạng thái based trên các hoạt động
Quá hạn: Hạn Ngày là already passed
Hôm nay: Hoạt động Ngày là Hôm nay
Kế hoạchned: Future các hoạt động.",health_base
Street,Đường,health_base
Street 2,Đường 2,health_base
Sub-Alley Number,Sub-Alley Số,health_base
Support Staff,Hỗ trợ Nhân viên,health_base
Supports Home Visits,Hỗ trợs Khám tại nhà,health_base
Symptom,Triệu chứng,health_base
Symptom Code,Triệu chứng Mã,health_base
Symptom Name,Triệu chứng Tên,health_base
Symptoms,Triệu chứng,health_base
System/Technical,Hệ thống/Kỹ thuật,health_base
Sán Chay,Sán Chay,health_base
Số căn hộ,Số căn hộ,health_base
Số ngách,Số ngách,health_base
Số ngõ,Số ngõ,health_base
Số nhà,Số nhà,health_base
TET Holiday,TET Ngày lễ,health_base
TET Holidays,TET Ngày lễs,health_base
Target Response Time (Hours),Target Response Giờ (Giờs),health_base
Technician,Kỹ thuật viên,health_base
Telemedicine,Khám bệnh từ xa,health_base
Telemedicine Center,Khám bệnh từ xa Trung tâm,health_base
Telemedicine Consultation,Khám bệnh từ xa Tư vấn,health_base
Temporarily Closed,Temporarily Đóngd,health_base
Text,Văn bản,health_base
"The audit log tracks all changes to critical healthcare data including pricing rules,
                patient records, invoices, and service orders.","The Nhật ký kiểm toán theo dõis Tất cả changes Đến critical Y tế data bao gồm pricing quy tắcs,
                Bệnh nhân bản ghis, hóa đơns, và dịch vụ thứ tựs.",health_base
"The following facilities have licenses expiring within 30 days:
","The theo dõiing Các cơ sở have giấy phéps expiring vớiin 30 days:
",health_base
"The system tracks client demographics, medical history, appointments, and billing.","The hệ thống theo dõis Khách hàng demobiểu đồics, Tiền sử bệnh, Các cuộc hẹn, và thanh toán.",health_base
Therapeutic Category,Therapeutic Danh mục,health_base
Therapist,Kỹ thuật viên trị liệu,health_base
This Month,Tháng này,health_base
This Year,Năm nay,health_base
"This section will contain clinical notes, provider communications, and care coordination details.","Này phần will contain Lâm sàng Ghi chú, nhà cung cấp communications, và care coordination Chi tiết.",health_base
Thái,Thái,health_base
Timezone,Múi giờ,health_base
"Tip: Type street, city, or landmark name to search addresses","Tip: Loại Đường, Thành phố, hoặc landmark Tên Đến Tìm kiếm địa chỉes",health_base
Total Beds,Tổng cộng Giường bệnh,health_base
Total Patients,Tổng cộng Bệnh nhân,health_base
Total Staff Count,Tổng cộng Nhân viên Số lượng,health_base
Total Visits,Tổng số lần khám,health_base
Total beds cannot be negative!,Tổng cộng Giường bệnh cannot be negative!,health_base
Transportation Issues,Vận chuyểnation Issues,health_base
Transportation issues,Vận chuyểnation issues,health_base
Travel Time (Minutes),Travel Giờ (Phúts),health_base
Travel Zone,Travel Khu vực,health_base
Treatment,Điều trị,health_base
Type of public holiday for pricing rules and scheduling,Loại of Công khai ngày lễ cho pricing quy tắcs và scheduling,health_base
Type of the exception activity on record.,Loại of the exception Hoạt động trên bản ghi.,health_base
Tày,Tày,health_base
Tên tiếng Việt,Tên tiếng Việt,health_base
Tên tòa nhà,Tên tòa nhà,health_base
Unable to connect to geocoding service. Please check your internet connection.,Unable Đến connect Đến geocoding dịch vụ. Vui lòng kiểm tra của bạn internet connection.,health_base
Under Construction,Dưới Construction,health_base
Under Maintenance,Dưới Maintenance,health_base
Upcoming,Sắp tới,health_base
Upcoming Visits,Upcoming Lần khám,health_base
Urgency Level,Khẩn cấp Mức độ,health_base
Urgency Levels,Khẩn cấp Mức độs,health_base
Urgency code must be unique!,Khẩn cấp Mã must be unique!,health_base
Urgent medical condition requiring prompt attention,Khẩn cấp Y khoa Tình trạng requiring prompt attention,health_base
Use address search above to set location,Use Địa chỉ Tìm kiếm trên Đến set Vị trí,health_base
User,Người dùng,health_base
VIP,VIP,health_base
VIP Client,VIP Khách hàng,health_base
VIP patient with premium services,VIP Bệnh nhân với premium dịch vụs,health_base
VND,VND,health_base
Vietnam MOH,Vietnam MOH,health_base
Home Address,Địa chỉ nhà,health_base
Vietnamese Contraindications,Tiếng Việt Chống chỉ định,health_base
Vietnamese Description,Tiếng Việt Mô tả,health_base
Vietnamese District,Tiếng Việt Quận/Huyện,health_base
Vietnamese Districts,Tiếng Việt Quận/Huyệns,health_base
Vietnamese Environmental Hazards,Tiếng Việt Environmental Hazards,health_base
Vietnamese Ethnicity (from Excel CMF),Tiếng Việt Dân tộc (Từ Excel CMF),health_base
Vietnamese Instructions,Tiếng Việt Hướng dẫn,health_base
Vietnamese Intervention Plan,Tiếng Việt Can thiệp Kế hoạch,health_base
Vietnamese Name,Tên tiếng Việt,health_base
Vietnamese Options (one per line),Tiếng Việt Tùy chọn (one per line),health_base
Vietnamese Question,Tiếng Việt Câu hỏi,health_base
View Appointment History,Xem Cuộc hẹn Lịch sử,health_base
View Appointments,Xem Các cuộc hẹn,health_base
View Clients,Xem Khách hàng,health_base
View Patients,Xem Bệnh nhân,health_base
Visit Tracking,Lần khám Theo dõi,health_base
Vital Information,Sinh hiệu Thông tin,health_base
Walk-in,Đến trực tiếp,health_base
Ward/Commune,Phường/Xã,health_base
Weak (10 points),Yếu (10 điểm),health_base
Website,Trang web,health_base
Website Messages,Trang web Tin nhắn,health_base
Website communication history,Trang web communication Lịch sử,health_base
Weekly,Hàng tuần,health_base
Welcome to VAFHS Client Management!,Welcome Đến VAFHS Khách hàng Quản lý!,health_base
Wheelchair Accessible,Wheelchair Truy cậpible,health_base
Xơ Đăng,Xơ Đăng,health_base
Year,Năm,health_base
Yes/No,Có/Không,health_base
ZIP Code,Mã bưu điện Mã,health_base
Zalo,Zalo,health_base
Zone 1 (Inner City),Khu vực 1 (Inner Thành phố),health_base
Zone 2 (Suburban),Khu vực 2 (Suburban),health_base
Zone 3 (Outer Areas),Khu vực 3 (Outer Diện tíchs),health_base
address,Địa chỉ,health_base
available,có sẵn,health_base
client,Khách hàng,health_base
"client ID generation (e.g., 01=Hanoi, 02=HCM)","Khách hàng ID generation (e.g., 01=Hanoi, 02=HCM)",health_base
client identifier (auto-generated),Khách hàng identifier (auto-genetỷ lệd),health_base
client occupation (Nghề nghiệp),Khách hàng occupation (Nghề nghiệp),health_base
client/client who receives healthcare services,Khách hàng/Khách hàng ai nhận Y tế dịch vụs,health_base
clients (based on health.client.relation),Khách hàng (based trên Y tế.Khách hàng.relation),health_base
clients I care for,Khách hàng tôi chăm sóc,health_base
clients I have referred to healthcare services,Khách hàng I have referred Đến Y tế dịch vụs,health_base
clients I pay for,Khách hàng tôi thanh toán,health_base
clients I referred,Khách hàng tôi giới thiệu,health_base
clients for whom I am the primary caregiver,Khách hàng cho người mà I am the Người chăm sóc chính,health_base
clients for whom I am the primary payer,Khách hàng cho người mà I am the Người thanh toán chính,health_base
description,Mô tả,health_base
"e.g., 'Blood Draw Protocol', 'Wound Care Protocol'","e.g., 'Blood Draw Giao thức', 'Wound Care Giao thức'",health_base
es,es,health_base
found,được tìm thấy,health_base
km radius,km radius,health_base
patients/day,Bệnh nhân/ngày,health_base
x multiplier):,x multiplier):,health_base
Ê Đê,Ê Đê,health_base
"× 100,000 =","× 100,000 =",health_base
Action,Hành động,health_flow
Audit Log,Nhật ký kiểm tra,health_flow
CRM Search,Tìm kiếm CRM,health_flow
Staff Workload,Khối lượng công việc nhân viên,health_flow
Staff Assignment Timeline,Dòng thời gian phân công nhân viên,health_flow
AR Dashboard,Bảng công nợ,health_flow
Payment Transactions,Giao dịch thanh toán,health_flow
Invoices,Hóa đơn,health_flow
Pricing Engines,Công cụ định giá,health_flow
Package Products,Sản phẩm gói,health_flow
Pricing Rules,Quy tắc giá,health_flow
Quick Edit Rules,Quy tắc chỉnh sửa nhanh,health_flow
Portable Equipment,Thiết bị di động,health_flow
Healthcare Staff,Nhân viên y tế,health_flow
Healthcare Facilities,Cơ sở y tế,health_flow
Catchment Provinces,Tỉnh phục vụ,health_flow
Patient Categories,Danh mục bệnh nhân,health_flow
Service Types,Loại dịch vụ,health_flow
Referral Sources,Nguồn giới thiệu,health_flow
Insurance Providers,Nhà cung cấp bảo hiểm,health_flow
Urgency Levels,Mức độ khẩn cấp,health_flow
Action Not Found,Không tìm thấy hành động,health_flow
Action Error,Lỗi hành động,health_flow
New Contact,Liên hệ mới,health_flow
Contact Wizard Error,Lỗi trình tạo liên hệ,health_flow
Follow-up Activities,Hoạt động theo dõi,health_flow
Follow-up Activities Error,Lỗi hoạt động theo dõi,health_flow
All Contacts Error,Lỗi tất cả liên hệ,health_flow
All Clients Error,Lỗi tất cả khách hàng,health_flow
New Lead,Cơ hội mới,health_flow
All Leads,Tất cả cơ hội,health_flow
Initial Contact,Liên hệ ban đầu,health_flow
Planned Activities,Hoạt động đã lên kế hoạch,health_flow
CRM Calendar,Lịch CRM,health_flow
Continue Follow-up,Tiếp tục theo dõi,health_flow
No leads found for this filter.,Không tìm thấy cơ hội cho bộ lọc này.,health_flow
Client Acquired,Khách hàng đã tiếp nhận,health_flow
Booking Lost,Đặt lịch bị mất,health_flow
CRM,CRM,health_flow
CRM Action Error,Lỗi hành động CRM,health_flow
Client Action Error,Lỗi hành động khách hàng,health_flow
Dashboard Not Found,Không tìm thấy bảng điều khiển,health_flow
My Dashboard has not been configured yet.,Bảng điều khiển của tôi chưa được cấu hình.,health_flow
Dashboard Error,Lỗi bảng điều khiển,health_flow
All Bookings,Tất cả đặt lịch,health_flow
Booking Calendar,Lịch đặt hẹn,health_flow
Draft Bookings Calendar,Lịch đặt hẹn nháp,health_flow
Assigned Bookings Calendar,Lịch đặt hẹn đã phân công,health_flow
Scheduled Bookings Calendar,Lịch đặt hẹn đã lên lịch,health_flow
In Progress Bookings Calendar,Lịch đặt hẹn đang thực hiện,health_flow
Completed Bookings Calendar,Lịch đặt hẹn đã hoàn thành,health_flow
Bookings,Đặt lịch,health_flow
Booking Action Error,Lỗi hành động đặt lịch,health_flow
Booking not found.,Không tìm thấy đặt lịch.,health_flow
Booking Dashboard,Bảng đặt lịch,health_flow
Booking,Đặt lịch,health_flow
Error,Lỗi,health_flow
Failed to open booking,Không thể mở đặt lịch,health_flow
Client not found.,Không tìm thấy khách hàng.,health_flow
Client Dashboard,Bảng khách hàng,health_flow
Failed to open client,Không thể mở khách hàng,health_flow
Lead Dashboard,Bảng cơ hội,health_flow
CRM Contact,Liên hệ CRM,health_flow
Failed to open lead,Không thể mở cơ hội,health_flow
Health Flow Dashboard,Bảng điều khiển luồng y tế,health_flow
Contact Name is required.,Tên liên hệ là bắt buộc.,health_flow
New Booking,Đặt lịch mới,health_flow
Home Page,Trang chủ,health_flow
CRM Activities,Hoạt động CRM,health_flow
Activity Type,Loại hoạt động,health_flow
Sales & CRM,Bán hàng & CRM,health_flow
Contacts,Liên hệ,health_flow
Log new contact / View contacts,Ghi liên hệ mới / Xem liên hệ,health_flow
Manage leads and activities,Quản lý liên hệ và hoạt động,health_flow
All Contacts,Tất cả liên hệ,health_flow
View all contacts by status,Xem tất cả liên hệ theo trạng thái,health_flow
All Clients,Tất cả khách hàng,health_flow
View all clients,Xem tất cả khách hàng,health_flow
Bookings and Assignments,Lịch hẹn và phân công,health_flow
Search,Tìm kiếm,health_flow
Search bookings,Tìm kiếm lịch hẹn,health_flow
Visual booking calendar,Lịch hẹn trực quan,health_flow
All bookings (grouped by month),Tất cả lịch hẹn (nhóm theo tháng),health_flow
Staff workload overview,Tổng quan khối lượng công việc nhân viên,health_flow
Staff Assignment,Phân công nhân viên,health_flow
Assignment timeline view,Giao diện dòng thời gian phân công,health_flow
Draft bookings,Lịch hẹn nháp,health_flow
Assigned bookings,Lịch hẹn đã phân công,health_flow
Scheduled,Đã lên lịch,health_flow
Scheduled bookings,Lịch hẹn đã lên lịch,health_flow
In progress bookings,Lịch hẹn đang thực hiện,health_flow
Completed,Hoàn thành,health_flow
Completed bookings,Lịch hẹn hoàn thành,health_flow
Invoicing,Hóa đơn,health_flow
Accounts receivable overview,Tổng quan công nợ phải thu,health_flow
Payment history,Lịch sử thanh toán,health_flow
All invoices,Tất cả hóa đơn,health_flow
Admin,Quản trị,health_flow
Configure pricing engines,Cấu hình công cụ định giá,health_flow
Service packages,Gói dịch vụ,health_flow
Define pricing rules,Xác định quy tắc định giá,health_flow
Quick edit pricing,Chỉnh sửa nhanh giá,health_flow
Track equipment,Theo dõi thiết bị,health_flow
Staff directory,Danh bạ nhân viên,health_flow
Facilities management,Quản lý cơ sở,health_flow
Catchment provinces,Tỉnh thành phân vùng,health_flow
Patient categories,Phân loại bệnh nhân,health_flow
Define services,Xác định dịch vụ,health_flow
Configure symptoms,Cấu hình triệu chứng,health_flow
Referral sources,Nguồn giới thiệu,health_flow
Insurance providers,Nhà cung cấp bảo hiểm,health_flow
Urgency levels,Mức độ khẩn cấp,health_flow
Booking Notifications,Thông báo lịch hẹn,health_flow
No new notifications,Không có thông báo mới,health_flow
Sales &amp; CRM,Bán hàng &amp; CRM,health_flow
Analytics,Phân tích,health_flow
Audit,Kiểm tra,health_flow
Booking Search,Tìm kiếm lịch hẹn,health_flow
"Search by name, phone, or email...","Tìm theo tên, số điện thoại, hoặc email...",health_flow
"Search by client name, phone, or booking code...","Tìm theo tên khách hàng, số điện thoại, hoặc mã lịch hẹn...",health_flow
Merge ,Gộp ,health_flow
 contacts, liên hệ,health_flow
No CRM results found,Không tìm thấy kết quả CRM,health_flow
No bookings found,Không tìm thấy lịch hẹn,health_flow
No Red Invoice PDF is available for this document.,Không có PDF hóa đơn đỏ cho hồ sơ này.,health_redinvoice
The stored Red Invoice attachment (%s) is not a PDF file.,Tệp đính kèm hóa đơn đỏ đã lưu (%s) không phải tệp PDF.,health_redinvoice
Red Invoice PDF,PDF hóa đơn đỏ,health_redinvoice
Missing Red Invoice configuration on company.,Thiếu cấu hình hóa đơn đỏ trên công ty.,health_redinvoice
No Red Invoice was issued for this document.,Chưa phát hành hóa đơn đỏ cho hồ sơ này.,health_redinvoice
Cancellation requested from Odoo,Yêu cầu hủy từ Odoo,health_redinvoice
Cancelled from Odoo,Đã hủy từ Odoo,health_redinvoice
Cancellation failed: %s,Hủy thất bại: %s,health_redinvoice
Red Invoice template code/series not configured.,Chưa cấu hình mã mẫu/sê-ri hóa đơn đỏ.,health_redinvoice
No invoice lines available to send to SInvoice. Please add at least one product/service line.,Không có dòng hóa đơn để gửi SInvoice. Vui lòng thêm ít nhất một dòng sản phẩm/dịch vụ.,health_redinvoice
Red Invoice Status,Trạng thái hóa đơn đỏ,health_redinvoice
Red Invoice,Hóa đơn đỏ,health_redinvoice
Red Invoice Issued,Đã phát hành hóa đơn đỏ,health_redinvoice
Red Invoice Pending,Hóa đơn đỏ đang chờ,health_redinvoice
Red Invoice Failed,Hóa đơn đỏ thất bại,health_redinvoice
Red Invoice State,Trạng thái hóa đơn đỏ,health_redinvoice
Generate Red Invoice,Tạo hóa đơn đỏ,health_redinvoice
Download Red Invoice,Tải hóa đơn đỏ,health_redinvoice
Download PDF,Tải PDF,health_redinvoice
Cancel Red Invoice,Hủy hóa đơn đỏ,health_redinvoice
Identifiers,Định danh,health_redinvoice
Files,Tệp tin,health_redinvoice
Red Invoice Log,Nhật ký hóa đơn đỏ,health_redinvoice
Credentials &amp; Defaults,Thông tin xác thực & Mặc định,health_redinvoice
Seller Payment / QR78,Thanh toán người bán / QR78,health_redinvoice
Automation,Tự động hóa,health_redinvoice
Red Invoice Request,Yêu cầu hóa đơn đỏ,health_redinvoice
Payload,Dữ liệu gửi,health_redinvoice
Response,Phản hồi,health_redinvoice
Red Invoices,Hóa đơn đỏ,health_redinvoice
API Requests,Yêu cầu API,health_redinvoice
"

Click on a staff member below to assign them to this appointment.","

Nhấn trên a nhân viên member bên dưới Đến phân công them Đến này Cuộc hẹn.",health_fieldservice
'MOH_Compliance_Report_%s' % (datetime.datetime.now().strftime('%Y%m%d_%H%M%S')),'MOH_Tuân thủ_Báo cáo_%s' % (ngàygiờ.ngàygiờ.bây giờ().strfgiờ('%Y%m%d_%H%M%S')),health_fieldservice
'MOH_Report_%s' % (object.name),'MOH_Báo cáo_%s' % (object.tên),health_fieldservice
1 - Poor,1 - Kém,health_fieldservice
2 - Fair,2 - Trung bình,health_fieldservice
3 - Good,3 - Tốt,health_fieldservice
4 - Very Good,4 - Rất tốt,health_fieldservice
5 - Excellent,5 - Xuất sắc,health_fieldservice
"<i class=""fa fa-ban""/> Time slot is blocked for appointments","<i class=""fa fa-ban""/> Giờ slot là chặned cho Các cuộc hẹn",health_fieldservice
"<i class=""fa fa-calendar-check-o""/> Staff will be available during this time slot","<i class=""fa fa-calendar-check-o""/> Nhân viên will be có sẵn during này Giờ slot",health_fieldservice
"<i class=""fa fa-check-circle""/> <strong>AI Optimized Assignment</strong><br/>
                                        This assignment has been optimized using AI/ML algorithms for best results.","<i class=""fa fa-check-circle""/> <strong>AI Optimized Phân côngment</strong><br/>
                                        Này phân công has been optimized using AI/ML algorithms cho tốt nhất kết quảs.",health_fieldservice
"<i class=""fa fa-exclamation""/> 
                                            High Priority","<i class=""fa fa-exclamation""/> 
                                            Cao Ưu tiên",health_fieldservice
"<i class=""fa fa-exclamation-triangle""/> Time slot is booked or tentatively reserved","<i class=""fa fa-exclamation-triangle""/> Giờ slot là đã đặt hoặc tentatively reserved",health_fieldservice
"<i class=""fa fa-lightbulb-o""/> <strong>AI Optimization Available!</strong><br/>
                                        Click ""Apply AI Optimization"" above to get the best staff recommendations powered by machine learning.","<i class=""fa fa-lightbulb-o""/> <strong>AI Optimization Có sẵn!</strong><br/>
                                        Nhấn ""Áp dụng AI Optimization"" trên Đến get the tốt nhất nhân viên recommendations powered bởi machine learning.",health_fieldservice
"<i class=""fa fa-rocket""/> Quick Actions","<i class=""fa fa-rocket""/> Quick Hành động",health_fieldservice
"<small class=""text-success"">
                                            <i class=""fa fa-check-circle""/> Ready for AI optimization
                                        </small>","<small class=""text-success"">
                                            <i class=""fa fa-check-circle""/> Ready cho AI optimization
                                        </small>",health_fieldservice
"<small class=""text-warning"">
                                            <i class=""fa fa-exclamation-circle""/> Needs training
                                        </small>","<small class=""text-warning"">
                                            <i class=""fa fa-exclamation-circle""/> Nhu cầus đào tạo
                                        </small>",health_fieldservice
"<span class=""badge badge-info"">Healthcare Quote</span>","<span class=""badge badge-info"">Healthcare Quote</span>",health_fieldservice
"<span class=""o_stat_text"">Create</span>
                                <span class=""o_stat_text"">Quote</span>","<span class=""o_stat_text"">Tạo mới</span>
                                <span class=""o_stat_text"">Quote</span>",health_fieldservice
"<span class=""o_stat_text"">Quick Status</span>","<span class=""o_stat_text"">Quick Trạng thái</span>",health_fieldservice
"<span class=""o_stat_text"">Service History</span>","<span class=""o_stat_text"">Dịch vụ Lịch sử</span>",health_fieldservice
"<span class=""o_stat_text"">Status</span>","<span class=""o_stat_text"">Trạng thái</span>",health_fieldservice
"<span class=""text-muted"">⚡ Efficiency:</span><br/>","<span class=""text-muted"">⚡ Efficiency:</span><br/>",health_fieldservice
"<span class=""text-muted"">✅ Success Rate:</span><br/>","<span class=""text-muted"">✅ Thành công Tỷ lệ:</span><br/>",health_fieldservice
"<span class=""text-muted"">🎯 Model Accuracy:</span><br/>","<span class=""text-muted"">🎯 Mô hình Accuracy:</span><br/>",health_fieldservice
"<span class=""text-muted"">📊 Data Points:</span><br/>","<span class=""text-muted"">📊 Data Points:</span><br/>",health_fieldservice
<span>Assign Staff to Service</span>,<span>Phân công Nhân viên Đến Dịch vụ</span>,health_fieldservice
<strong>Booking Reference / Mã đặt chỗ:</strong>,<strong>Đặt lịch Tham chiếu / Mã đặt chỗ:</strong>,health_fieldservice
<strong>Click on the UNASSIGNED row</strong> at a specific date/time to create a new unassigned assignment,<strong>Nhấn trên the UNASSIGNED row</strong> tại a cụ thể Ngày/Giờ Đến Tạo mới a Mới unphân cônged phân công,health_fieldservice
<strong>Clinical Information / Thông tin lâm sàng</strong>,<strong>Thông tin lâm sàng / Thông tin lâm sàng</strong>,health_fieldservice
<strong>Clinical Notes:</strong> Required - Please complete clinical documentation,<strong>Lâm sàng Ghi chú:</strong> Bắt buộc - Vui lòng Hoàn thành Lâm sàng tài liệu,health_fieldservice
<strong>Doctor / Bác sĩ:</strong>,<strong>Bác sĩ / Bác sĩ:</strong>,health_fieldservice
<strong>Doctor Signature / Chữ ký bác sĩ</strong>,<strong>Bác sĩ Chữ ký / Chữ ký bác sĩ</strong>,health_fieldservice
<strong>How to Create Assignments:</strong>,<strong>Như thế nào Đến Tạo mới Phân côngments:</strong>,health_fieldservice
"<strong>Invoice Creation Mode:</strong> Review and modify the quote items below, then click ""Create Invoice"" to generate the final invoice.","<strong>Hóa đơn Creation Mode:</strong> Đánh giá và modify the quote items bên dưới, then nhấn ""Tạo mới Hóa đơn"" Đến geneđánh giá the final Hóa đơn.",health_fieldservice
<strong>MINISTRY OF HEALTH COMPLIANCE REPORT</strong>,<strong>MINISTRY OF Y tế COMPLIANCE REPORT</strong>,health_fieldservice
<strong>Note:</strong> Cancellation details are mandatory and will be logged for record-keeping purposes.,<strong>Ghi chú:</strong> Hủylation Chi tiết are mandatory và will be logged cho bản ghi-keeping purposes.,health_fieldservice
<strong>Nurse Access:</strong> You can only edit quantities and discounts in this quote.,<strong>Y tá Truy cập:</strong> You can only Chỉnh sửa quantities và dissố lượngs trong này quote.,health_fieldservice
"<strong>Or switch to List view</strong> (icon in top-right) and click the ""New"" button","<strong>Hoặc switch Đến Danh sách Xem</strong> (biểu tượng trong đầu-phải) và nhấn the ""Mới"" nút",health_fieldservice
<strong>Patient Information / Thông tin bệnh nhân</strong>,<strong>Bệnh nhân Thông tin / Thông tin bệnh nhân</strong>,health_fieldservice
<strong>Patient Signature / Chữ ký bệnh nhân</strong>,<strong>Bệnh nhân Chữ ký / Chữ ký bệnh nhân</strong>,health_fieldservice
<strong>Quote/Invoice:</strong> Required - Please create a quote with service items,<strong>Quote/Hóa đơn:</strong> Bắt buộc - Vui lòng Tạo mới a quote với dịch vụ items,health_fieldservice
<strong>Report Date / Ngày báo cáo:</strong>,<strong>Báo cáo Ngày / Ngày báo cáo:</strong>,health_fieldservice
<strong>Service Date / Ngày dịch vụ:</strong>,<strong>Dịch vụ Ngày / Ngày dịch vụ:</strong>,health_fieldservice
<strong>Service Type / Loại dịch vụ:</strong>,<strong>Dịch vụ Loại / Loại dịch vụ:</strong>,health_fieldservice
"<strong>Tip:</strong> Use the calendar view to quickly visualize staff availability 
                across different time periods.","<strong>Tip:</strong> Use the Lịch Xem Đến quickly visualize nhân viên availability 
                ngang qua different Giờ kỳs.",health_fieldservice
<strong>Warning:</strong> This booking has an associated invoice. The draft invoice will be cancelled automatically.,<strong>Cảnh báo:</strong> Này đặt lịch has an liên kết Hóa đơn. The Nháp Hóa đơn will be Đã hủy automatically.,health_fieldservice
<strong>ℹ️ Part-Time Staff Workflow:</strong> This service was completed by part-time/casual staff who do not have invoice creation permissions. Operations team has been notified to create the invoice.,<strong>ℹ️ Part-Giờ Nhân viên Workflow:</strong> Này dịch vụ was đã hoàn thành bởi part-Giờ/casual nhân viên ai do not have Hóa đơn creation quyềns. Vận hành đội has been notified Đến Tạo mới the Hóa đơn.,health_fieldservice
"<strong>⏳ Awaiting Invoice:</strong>
                            Service completed by part-time staff. Operations team needs to create the invoice.","<strong>⏳ Ađang chờ Hóa đơn:</strong>
                            Dịch vụ đã hoàn thành bởi part-Giờ nhân viên. Vận hành đội nhu cầus Đến Tạo mới the Hóa đơn.",health_fieldservice
<strong>⚠️ Required:</strong> Clinical notes must be submitted before completing the service.,<strong>⚠️ Bắt buộc:</strong> Lâm sàng Ghi chú must be submitted trước completing the dịch vụ.,health_fieldservice
<strong>✓ Clinical Notes Submitted:</strong> Clinical documentation is complete.,<strong>✓ Lâm sàng Ghi chú Submitted:</strong> Lâm sàng tài liệu là Hoàn thành.,health_fieldservice
"<strong>📋 Quote Required:</strong> 
                            This booking needs a healthcare quote before it can be confirmed.","<strong>📋 Quote Bắt buộc:</strong> 
                            Này đặt lịch nhu cầus a Y tế quote trước it can be Đã xác nhận.",health_fieldservice
<strong>📋 Service Completion Requirements:</strong>,<strong>📋 Dịch vụ Completion Yêu cầus:</strong>,health_fieldservice
"<strong>📝 Quote Created:</strong>
                            Healthcare quote exists but needs items added before confirmation.","<strong>📝 Quote Đã tạo:</strong>
                            Y tế quote exists but nhu cầus items đã thêm trước xác nhậnation.",health_fieldservice
AI Assign Staff,AI Phân công Nhân viên,health_fieldservice
AI Assignment Analysis,AI Phân công Phân tích,health_fieldservice
AI Assignment Analytics,AI Phân công Phân tích,health_fieldservice
AI Assignment Engine,AI Phân công Engine,health_fieldservice
AI Assignment Engine Analysis,AI Phân công Engine Phân tích,health_fieldservice
AI Assignment Factors,AI Phân công Factors,health_fieldservice
AI Assignment Optimization Applied,AI Phân công Optimization Applied,health_fieldservice
AI Assignment Score,AI Phân công Điểm,health_fieldservice
AI Model Status,AI Mô hình Trạng thái,health_fieldservice
AI Model Trained,AI Mô hình Trained,health_fieldservice
AI Optimization Error,AI Optimization Lỗi,health_fieldservice
AI Predicted Completion,AI dự đoán hoàn thành,health_fieldservice
AI Predicted Travel Time (minutes),AI Predicted Travel Giờ (phúts),health_fieldservice
AI Prediction Error,AI Prediction Lỗi,health_fieldservice
AI Predictions Updated,AI Predictions Cập nhậtd,health_fieldservice
AI Staff Suggestions,AI Nhân viên Suggestions,health_fieldservice
AI Staff Suggestions JSON,AI Nhân viên Suggestions JSON,health_fieldservice
"AI Staff Suggestions:

","AI Nhân viên Suggestions:

",health_fieldservice
AI Trained,AI đã huấn luyện,health_fieldservice
AI assessment of assignment complexity,AI đánh giá của phân công complexity,health_fieldservice
AI assessment of assignment complexity level,AI đánh giá của phân công complexity mức độ,health_fieldservice
AI confidence in assignment success,AI confidence trong phân công Thành công,health_fieldservice
AI confidence in assignment success (0-100%),AI confidence trong phân công Thành công (0-100%),health_fieldservice
AI predicted assignment duration,AI predicted phân công Thời lượng,health_fieldservice
AI predicted duration for this assignment,AI predicted Thời lượng cho này phân công,health_fieldservice
AI-Generated Recommendations,AI-Geneđánh giád Recommendations,health_fieldservice
AI-Powered Staff Assignment and Optimization Engine,AI-Powered Nhân viên Phân công và Optimization Engine,health_fieldservice
AI-calculated assignment optimization score,AI-calculated phân công optimization điểm,health_fieldservice
"AI-calculated score (0-100) based on skills, location, workload, availability","AI-calculated điểm (0-100) based trên skills, Vị trí, workload, availability",health_fieldservice
AI-calculated score for assignment quality,AI-calculated điểm cho phân công quality,health_fieldservice
AI-generated optimal assignment suggestions will appear here after analysis,AI-geneđánh giád optimal phân công suggestions will appear ở đây after Phân tích,health_fieldservice
AI-generated staff recommendations,AI-geneđánh giád nhân viên recommendations,health_fieldservice
Access warning,Truy cập Cảnh báo,health_fieldservice
"Accessibility, equipment, or other special needs","Truy cậpibility, thiết bị, hoặc Khác special nhu cầus",health_fieldservice
Action Needed,Hành động Nhu cầued,health_fieldservice
Action Steps Template,Hành động Steps Mẫu,health_fieldservice
Actions Taken,Hành động Taken,health_fieldservice
Active Staff,Đang hoạt động Nhân viên,health_fieldservice
Actual Arrival Time,Actual Arrival Giờ,health_fieldservice
Actual Completion Time,Actual Completion Giờ,health_fieldservice
Actual Departure Time,Actual Departure Giờ,health_fieldservice
Actual Duration (Hours),Actual Thời lượng (Giờs),health_fieldservice
Actual End Time,Actual Kết thúc Giờ,health_fieldservice
Actual Start Time,Actual Bắt đầu Giờ,health_fieldservice
Actual Timeline,Actual Dòng thời gian,health_fieldservice
Add Staff Member,Thêm Nhân viên Member,health_fieldservice
Add staff members to see workload management,Thêm nhân viên members Đến xem workload quản lý,health_fieldservice
Add your first healthcare staff member!,Thêm của bạn đầu tiên Y tế nhân viên member!,health_fieldservice
Additional Certifications,Bổ sung Certifications,health_fieldservice
Additional charge for travel/distance,Bổ sung charge cho travel/Khoảng cách,health_fieldservice
Additional charge for urgent services,Bổ sung charge cho Khẩn cấp dịch vụs,health_fieldservice
Additional fee for travel,Bổ sung fee cho travel,health_fieldservice
Additional notes about the cancellation,Bổ sung Ghi chú về việc hủy bỏ,health_fieldservice
Address<br/>Địa chỉ,Địa chỉ<br/>Địa chỉ,health_fieldservice
Adjusted End Time,Adjusted Kết thúc Giờ,health_fieldservice
Adjusted end time (editable) - defaults to Actual End Time but can be manually adjusted,Adjusted end Giờ (có thể chỉnh sửa) - mặc địnhs Đến Actual End Giờ but can be manually adjusted,health_fieldservice
Administrative,Hành chính,health_fieldservice
Advance Booking Days,Advance Đặt lịch Days,health_fieldservice
Advanced,Nâng cao,health_fieldservice
Advanced Complexity,Độ phức tạp nâng cao,health_fieldservice
After Hours Charge,Sau Giờs Charge,health_fieldservice
Afternoon Shift,Afternoon Ca làm việc,health_fieldservice
Age<br/>Tuổi,Tuổi<br/>Tuổi,health_fieldservice
Airborne Precautions,Phòng ngừa lây nhiễm qua đường không khí,health_fieldservice
All Days,Tất cả Days,health_fieldservice
All Team Members,Tất cả Đội Members,health_fieldservice
All clinical protocol steps must be completed before finishing service.,Tất cả Lâm sàng giao thức steps must be đã hoàn thành trước hoàn tấting dịch vụ.,health_fieldservice
All communications related to this service order,Tất cả communications Liên quan đến này dịch vụ thứ tự,health_fieldservice
All required equipment has been checked and confirmed available,Tất cả Bắt buộc thiết bị có been kiểm traed và Đã xác nhận có sẵn,health_fieldservice
All staff members assigned to this service (computed from assignments),Tất cả nhân viên members Giao cho này dịch vụ (computed Từ phân côngs),health_fieldservice
Allow Editing,Allow Chỉnh sửaing,health_fieldservice
Analysis Date,Phân tích Ngày,health_fieldservice
Analysis Month,Phân tích Tháng,health_fieldservice
Analysis Name,Phân tích Tên,health_fieldservice
Analysis Period,Phân tích Kỳ,health_fieldservice
Applicable Service Types,Áp dụng Dịch vụ Loạis,health_fieldservice
Apply AI optimization to get the best staff recommendations,Áp dụng AI optimization Đến lấy việc tốt nhất nhân viên recommendations,health_fieldservice
Appointment Location,Cuộc hẹn Vị trí,health_fieldservice
Appointment Reference,Cuộc hẹn Tham chiếu,health_fieldservice
Appointment Type,Cuộc hẹn Loại,health_fieldservice
Appointment duration in minutes,Cuộc hẹn Thời lượng trong phúts,health_fieldservice
Appointment location coordinates,Cuộc hẹn Vị trí Tọa độ,health_fieldservice
Appointment must be confirmed before creating Booking.,Cuộc hẹn must là Đã xác nhận trước creating Đặt lịch.,health_fieldservice
Appointment must have a service type to generate invoice.,Cuộc hẹn must có a dịch vụ Loại Đến geneđánh giá Hóa đơn.,health_fieldservice
Appointment reminders have been sent,Cuộc hẹn nhắc nhởs có been đã gửi,health_fieldservice
Appointment:,Cuộc hẹn:,health_fieldservice
Archived,Lưu trữd,health_fieldservice
Are you sure you want to cancel this assignment?,Là you sure you want Đến Hủy này phân công?,health_fieldservice
Area Code,Khu vực Mã,health_fieldservice
Area Name,Khu vực Tên,health_fieldservice
Arrived,Đã đến,health_fieldservice
Assign Doctor,Phân công Bác sĩ,health_fieldservice
Assign Staff,Phân công Nhân viên,health_fieldservice
Assign Staff to Service,Phân công Nhân viên Đến Dịch vụ,health_fieldservice
Assigned,Phân cônged,health_fieldservice
Assigned By,Phân cônged Bởi,health_fieldservice
Assigned Doctor,Phân cônged Bác sĩ,health_fieldservice
Assigned Equipment,Phân cônged Thiết bị,health_fieldservice
Assigned Facilities,Phân cônged Các cơ sở,health_fieldservice
Assigned Nurses/Staff,Phân cônged Y tás/Nhân viên,health_fieldservice
Assigned Staff,Phân cônged Nhân viên,health_fieldservice
Assigned Team,Phân cônged Đội,health_fieldservice
Assigned staff have been notified,Phân cônged nhân viên có been notified,health_fieldservice
Assignment & Staff,Phân công & Nhân viên,health_fieldservice
Assignment Cancelled,Phân công Đã hủy,health_fieldservice
Assignment Completed,Phân công Đã hoàn thành,health_fieldservice
Assignment Confidence %,Phân công Confidence %,health_fieldservice
Assignment Confirmed,Phân công Đã xác nhận,health_fieldservice
Assignment Confirmed - {{ object.appointment_id.name }},Phân công Đã xác nhận - {{ object.cuộc hẹn_id.Tên }},health_fieldservice
Assignment Count,Phân công Số lượng,health_fieldservice
Assignment Dashboard,Phân công Bảng điều khiển,health_fieldservice
Assignment Date,Phân công Ngày,health_fieldservice
Assignment Details,Phân công Chi tiết,health_fieldservice
Assignment Efficiency %,Phân công Efficiency %,health_fieldservice
Assignment Efficiency Score,Phân công Efficiency Điểm,health_fieldservice
Assignment Information,Phân công Thông tin,health_fieldservice
Assignment Intelligence,Phân công Intelligence,health_fieldservice
Assignment Model Accuracy %,Phân công Mô hình Accuracy %,health_fieldservice
Assignment Model Trained,Phân công Mô hình Trained,health_fieldservice
Assignment Notes,Phân công Ghi chú,health_fieldservice
Assignment Preferences,Phân công Tùy chỉnh,health_fieldservice
Assignment Priority,Phân công Ưu tiên,health_fieldservice
Assignment Quality Score,Phân công Quality Điểm,health_fieldservice
Assignment Reference,Phân công Tham chiếu,health_fieldservice
Assignment Role,Phân công Vai trò,health_fieldservice
Assignment Score,Phân công Điểm,health_fieldservice
Assignment Started,Phân công Bắt đầued,health_fieldservice
Assignment State,Phân công Tỉnh/Thành,health_fieldservice
Assignment Status,Phân công Trạng thái,health_fieldservice
Assignment Success Rate %,Phân công Thành công Tỷ lệ %,health_fieldservice
Assignment System Manager,Phân công Hệ thống Quản lý,health_fieldservice
Assignment Type,Phân công Loại,health_fieldservice
Assignment Weight,Phân công Cân nặng,health_fieldservice
Assignment confirmed for FSO %s,Phân công Đã xác nhận cho FSO %s,health_fieldservice
Assignment has been cancelled.,Phân công có been Đã hủy.,health_fieldservice
Assignment has been confirmed successfully.,Phân công có been Đã xác nhận thành côngfully.,health_fieldservice
Assignment has been marked as completed.,Phân công có been marked như là đã hoàn thành.,health_fieldservice
Assignment is now in progress. Staff is en route.,Phân công là bây giờ trong progress. Nhân viên là en route.,health_fieldservice
Assignment must be confirmed first.,Phân công must là Đã xác nhận đầu tiên.,health_fieldservice
Assignment must be in progress to complete.,Phân công must là trong progress Đến Hoàn thành.,health_fieldservice
Assignment optimized! Assigned to %s with %.1f%% AI confidence.,Phân công optimized! Giao cho %s với %.1f%% AI confidence.,health_fieldservice
Assignments,Phân côngments,health_fieldservice
Associated healthcare quote/sales order for this service,Liên kết Y tế quote/kinh doanh thứ tự cho này dịch vụ,health_fieldservice
Attachment Count,Đính kèm Số lượng,health_fieldservice
Attachments,Đính kèms,health_fieldservice
Auto-escalate if no response,Tự động-escalate nếu Không response,health_fieldservice
Automatically assign staff using AI matching,Automatically phân công nhân viên using AI phù hợp,health_fieldservice
Automatically generated field service order for home visits,Automatically geneđánh giád trường dịch vụ thứ tự cho Khám tại nhà,health_fieldservice
Availability Score,Availability Điểm,health_fieldservice
Availability Status,Availability Trạng thái,health_fieldservice
Available,Có sẵn,health_fieldservice
Available Days,Có sẵn Days,health_fieldservice
Available Staff,Có sẵn Nhân viên,health_fieldservice
Available Today,Có sẵn Hôm nay,health_fieldservice
Available for Clinic Visits,Có sẵn cho Phòng khám Lần khám,health_fieldservice
Available for Emergency Calls,Có sẵn cho Khẩn cấp Calls,health_fieldservice
Available for Telemedicine,Có sẵn cho Khám bệnh từ xa,health_fieldservice
Average Patient Rating,Trung bình Bệnh nhân Xếp hạng,health_fieldservice
Avg Response Time (Minutes),Trung bình Response Giờ (Phúts),health_fieldservice
Backend state for workflow logic and field visibility,Quay lạiend Tỉnh/Thành cho workflow logic và trường visibility,health_fieldservice
Backend state that this stage represents for logic and validation,Quay lạiend Tỉnh/Thành đó này giai đoạn đại diệns cho logic và validation,health_fieldservice
Base Service Price,Base Dịch vụ Giá,health_fieldservice
Base price for the service,Base giá cho việc dịch vụ,health_fieldservice
Basic,Cơ bản,health_fieldservice
Basic Complexity,Độ phức tạp cơ bản,health_fieldservice
Basic field service access - can view assigned FSOs and update status,Basic trường dịch vụ truy cập - có thể Xem phân cônged FSOs và Cập nhật Trạng thái,health_fieldservice
Battery + Mains,Pin + Điện lưới,health_fieldservice
Battery Life (hours),Battery Life (giờs),health_fieldservice
Battery Powered,Chạy pin,health_fieldservice
Bicycle,Xe đạp,health_fieldservice
Blocked,Chặned,health_fieldservice
Booked,Đã đặt,health_fieldservice
Booked By,Đã đặt Bởi,health_fieldservice
Booked Count,Đã đặt Số lượng,health_fieldservice
Booked count cannot exceed capacity.,Đã đặt số lượng cannot exceed Sức chứa.,health_fieldservice
Booking %s has been cancelled successfully.,Đặt lịch %s có been Đã hủy thành côngfully.,health_fieldservice
Booking Cancellation Wizard,Đặt lịch Hủy bỏ Công cụ,health_fieldservice
Booking Cancelled,Đặt lịch Đã hủy,health_fieldservice
Booking Closed,Đặt lịch Đóngd,health_fieldservice
Booking Date,Đặt lịch Ngày,health_fieldservice
Booking Information,Đặt lịch Thông tin,health_fieldservice
Booking Reference,Đặt lịch Tham chiếu,health_fieldservice
Booking Source,Đặt lịch Nguồn,health_fieldservice
Booking Stage Configuration,Đặt lịch Giai đoạn Cấu hình,health_fieldservice
Booking Stages,Đặt lịch Giai đoạns,health_fieldservice
Booking Workflow Dashboard,Đặt lịch Luồng công việc Bảng điều khiển,health_fieldservice
Booking already exists for this appointment.,Đặt lịch đã tồn tại cho này Cuộc hẹn.,health_fieldservice
"Booking can only be closed from Completed or Completed-Pending Invoice stages.
Current stage: %s","Đặt lịch can only be đóngd Từ Đã hoàn thành hoặc Đã hoàn thành-Đang chờ Hóa đơn giai đoạns.
Current giai đoạn: %s",health_fieldservice
Booking confirmed with quote,Đặt lịch Đã xác nhận với quote,health_fieldservice
Booking has been closed successfully. Cash collection recorded.,Đặt lịch có been đóngd thành côngfully. Tiền mặt collection bản ghied.,health_fieldservice
Booking moved to In Progress stage. Timer started.,Đặt lịch di chuyểnd Đến Trong Progress giai đoạn. Giờr bắt đầued.,health_fieldservice
Booking that booked this slot,Đặt lịch đó đã đặt này slot,health_fieldservice
Bookings Calendar,Đặt lịchs Lịch,health_fieldservice
"Bookings are automatically created when home visit appointments are confirmed.
                They coordinate staff assignment, equipment, and service delivery for home healthcare visits.","Đặt lịchs are automatically Đã tạo khi nào Khám tại nhà Các cuộc hẹn are Đã xác nhận.
                They coordinate nhân viên phân công, thiết bị, và dịch vụ giao hàng cho Trang chủ Y tế Lần khám.",health_fieldservice
Break/Lunch,Nghỉ giải lao/Ăn trưa,health_fieldservice
Buffer & Travel,Dự phòng & Di chuyển,health_fieldservice
Buffer After (Minutes),Buffer Sau (Phúts),health_fieldservice
Buffer Before (Minutes),Buffer Trước (Phúts),health_fieldservice
Buffer Time,Buffer Giờ,health_fieldservice
Buffer Times,Buffer Giờs,health_fieldservice
Busy,Bận,health_fieldservice
Busy Staff,Busy Nhân viên,health_fieldservice
BÁO CÁO TUÂN THỦ BỘ Y TẾ,BÁO CÁO TUÂN THỦ BỘ Y TẾ,health_fieldservice
CRM Lead,CRM Tiềm năng,health_fieldservice
CRM lead that generated this appointment,CRM tiềm năng đó geneđánh giád này Cuộc hẹn,health_fieldservice
CRM lead that generated this booking,CRM tiềm năng đó geneđánh giád này đặt lịch,health_fieldservice
Calibration,Hiệu chuẩn,health_fieldservice
Calibration Due,Calibration Hạn,health_fieldservice
Calibration Interval (days),Calibration Khoảng (days),health_fieldservice
Calibration Required,Calibration Bắt buộc,health_fieldservice
Can Create Invoices,Có thể Tạo mới Hóa đơns,health_fieldservice
Can approve appointments for operations manager review,Có thể phê duyệt Các cuộc hẹn cho vận hành quản lý đánh giá,health_fieldservice
Can assign healthcare staff to appointments,Có thể phân công Y tế nhân viên Đến Các cuộc hẹn,health_fieldservice
Can review appointments and approve for staff assignment,Có thể đánh giá Các cuộc hẹn và phê duyệt cho nhân viên phân công,health_fieldservice
Cancel Booking,Hủy Đặt lịch,health_fieldservice
Cancellation Date,Hủy bỏ Ngày,health_fieldservice
Cancellation Details,Hủy bỏ Chi tiết,health_fieldservice
Cancellation Information,Hủy bỏ Thông tin,health_fieldservice
Cancellation Notes,Hủy bỏ Ghi chú,health_fieldservice
Cancellation Reason,Hủy bỏ Lý do,health_fieldservice
Cancellation notes are mandatory. Please provide details.,Hủy bỏ Ghi chú là mandatory. Vui lòng provide Chi tiết.,health_fieldservice
Cancellation notes must be at least 10 characters long. Please provide detailed information.,Hủylation Ghi chú must be tại ít nhất 10 characters long. Vui lòng provide chi tiết thông tin.,health_fieldservice
Cancelled By,Đã hủy Bởi,health_fieldservice
Cannot cancel completed assignments.,Cannot Hủy đã hoàn thành phân côngs.,health_fieldservice
Cannot cancel completed or already cancelled assignments,Cannot Hủy đã hoàn thành hoặc already Đã hủy phân côngs,health_fieldservice
"Cannot confirm booking:
%s","Cannot Xác nhận đặt lịch:
%s",health_fieldservice
Cannot confirm equipment checklist - not all required equipment is assigned.,Cannot Xác nhận thiết bị kiểm tradanh sách - not Tất cả Bắt buộc thiết bị là phân cônged.,health_fieldservice
"Cannot create invoice from empty quote.
Please add at least one service or product to this quote.","Cannot Tạo mới Hóa đơn Từ Trống quote.
Vui lòng Thêm tại ít nhất one dịch vụ hoặc sản phẩm Đến này quote.",health_fieldservice
"Cannot create invoice: FSO must be completed first.
Current FSO state: %s
Please complete the field service order before creating the invoice.","Cannot Tạo mới Hóa đơn: FSO must be đã hoàn thành đầu tiên.
Current FSO Tỉnh/Thành: %s
Vui lòng Hoàn thành the trường dịch vụ thứ tự trước creating the Hóa đơn.",health_fieldservice
Cannot optimize assignment without an appointment.,Cannot optimize phân công không có an Cuộc hẹn.,health_fieldservice
Car,Ô tô,health_fieldservice
Casual/Contract,Casual/Hợp đồng,health_fieldservice
Center Latitude,Giữa Vĩ độ,health_fieldservice
Center Longitude,Giữa Kinh độ,health_fieldservice
Certification,Chứng chỉ,health_fieldservice
Certification Body,Chứng chỉ Thân,health_fieldservice
Certification Expiry,Chứng chỉ Expiry,health_fieldservice
Certification Number,Chứng chỉ Số,health_fieldservice
Channel,Kênh,health_fieldservice
Charge for after-hours service,Charge cho after-giờs dịch vụ,health_fieldservice
Charge for special equipment,Charge cho special thiết bị,health_fieldservice
Check Quote,Kiểm tra Báo giá,health_fieldservice
Checklist of supplies prepared,Kiểm tradanh sách của supplies prepared,health_fieldservice
Classification,Phân loại,health_fieldservice
Click here to add services,Nhấn ở đây Đến Thêm dịch vụs,health_fieldservice
Click here to create a quote,Nhấn ở đây Đến Tạo mới a quote,health_fieldservice
Click here to create invoice,Nhấn ở đây Đến Tạo mới Hóa đơn,health_fieldservice
"Click to open details, drag to move","Nhấn Đến Mở Chi tiết, kéo Đến di chuyển",health_fieldservice
Client Assessment,Khách hàng Đánh giá,health_fieldservice
Client address for home visits,Khách hàng Địa chỉ cho Khám tại nhà,health_fieldservice
Client for this appointment,Khách hàng cho này Cuộc hẹn,health_fieldservice
Clinic,Phòng khám,health_fieldservice
Clinical Documentation,Lâm sàng Tài liệu,health_fieldservice
Clinical Notes Submitted,Lâm sàng Ghi chú Đã nộp,health_fieldservice
Clinical Protocol,Lâm sàng Giao thức,health_fieldservice
Clinical Protocol Manager,Lâm sàng Giao thức Quản lý,health_fieldservice
Clinical Question,Lâm sàng Câu hỏi,health_fieldservice
Clinical Urgency,Lâm sàng Khẩn cấp,health_fieldservice
"Clinical notes are required before completing the service.

Please fill in at least one of the following:
• Clinical Notes
• Treatment Performed","Lâm sàng Ghi chú are Bắt buộc trước completing the dịch vụ.

Vui lòng fill trong tại ít nhất one of the theo dõiing:
• Lâm sàng Ghi chú
• Điều trị Perbiểu mẫued",health_fieldservice
Clinical observations and notes from service provider,Lâm sàng quan sáts và Ghi chú Từ dịch vụ nhà cung cấp,health_fieldservice
Clinical protocols - can create and modify clinical protocol templates,Lâm sàng giao thứcs - có thể Tạo mới và modify Lâm sàng giao thức mẫus,health_fieldservice
Close FSO,Đóng FSO,health_fieldservice
Close the booking,Đóng việc đặt lịch,health_fieldservice
Color for calendar display,Màu sắc cho Lịch display,health_fieldservice
"Color index (0-12) for kanban view. 0=No Color, 1=Red, 2=Orange, 3=Yellow, 4=Light Blue, 5=Dark Purple, 6=Salmon Pink, 7=Medium Blue, 8=Dark Blue, 9=Fuchsia, 10=Green, 11=Purple, 12=Dark Red","Màu sắc index (0-12) cho kanban Xem. 0=Không Màu sắc, 1=Red, 2=Ophạm vi, 3=Yellow, 4=Light Blue, 5=Dark Purple, 6=Salmon Pink, 7=Trung bình Blue, 8=Dark Blue, 9=Fuchsia, 10=Green, 11=Purple, 12=Dark Red",health_fieldservice
Color-code assignments by staff member,Màu sắc-Mã phân côngs bởi nhân viên member,health_fieldservice
Communication Count,Communication Số lượng,health_fieldservice
Communication Details,Communication Chi tiết,health_fieldservice
Communication Search,Communication Tìm kiếm,health_fieldservice
Communications,Liên lạc,health_fieldservice
Complete,Hoàn thành,health_fieldservice
Complete Assignment,Hoàn thành Phân công,health_fieldservice
Complete Service,Hoàn thành Dịch vụ,health_fieldservice
Complete address where service will be provided,Hoàn thành Địa chỉ ở đâu dịch vụ sẽ là provided,health_fieldservice
Completed - Pending Invoice,Đã hoàn thành - Đang chờ Hóa đơn,health_fieldservice
Completed Assignments,Đã hoàn thành Phân côngments,health_fieldservice
Completed Date,Đã hoàn thành Ngày,health_fieldservice
Completed FSOs,Đã hoàn thành FSOs,health_fieldservice
Completion Details,Completion Chi tiết,health_fieldservice
Completion Information,Completion Thông tin,health_fieldservice
Completion Notes,Completion Ghi chú,health_fieldservice
Completion Rate %,Completion Tỷ lệ %,health_fieldservice
Complexity Level,Complexity Cấp độ,health_fieldservice
Compliance,Tuân thủ,health_fieldservice
Computed based on employment type - full-time staff can create invoices,Computed based trên employment Loại - Đầy đủ-Giờ nhân viên can Tạo mới hóa đơns,health_fieldservice
Computed display name for views,Computed display Tên cho xems,health_fieldservice
Configure stages to define your field service workflow. Each stage can have:,Configure giai đoạns Đến define của bạn trường dịch vụ workflow. Mỗi giai đoạn can have:,health_fieldservice
Confirm,Xác nhận,health_fieldservice
Confirm Assignment,Xác nhận Phân công,health_fieldservice
Confirm Cancellation,Xác nhận Hủy bỏ,health_fieldservice
Confirm booking and move to next stage (requires quote with items),Xác nhận đặt lịch và di chuyển Đến Tiếp theo giai đoạn (requires quote với items),health_fieldservice
Confirmation Date,Xác nhậnation Ngày,health_fieldservice
Confirmation Method,Xác nhậnation Phương thức,health_fieldservice
Confirmed By,Đã xác nhận Bởi,health_fieldservice
Conflict Details,Conflict Chi tiết,health_fieldservice
Conflict Detected,Phát hiện xung đột,health_fieldservice
Conflicts,Xung đột,health_fieldservice
Consultant,Tư vấn viên,health_fieldservice
Contact Precautions,Liên hệ Precautions,health_fieldservice
Coverage Priority,Cquaage Ưu tiên,health_fieldservice
Create Booking,Tạo mới Đặt lịch,health_fieldservice
"Create and manage portable medical equipment used for field service visits.
                Track equipment status, maintenance schedules, and assignment to field teams.","Tạo mới và manage portable Y khoa thiết bị used cho trường dịch vụ Lần khám.
                Theo dõi thiết bị Trạng thái, maintenance lịch trìnhs, và phân công Đến trường độis.",health_fieldservice
"Create availability time slots for staff members to manage their working hours,
                capacity, and scheduling conflicts.","Tạo mới availability Giờ slots cho nhân viên members Đến manage của họ working giờs,
                Sức chứa, và scheduling conflicts.",health_fieldservice
"Create clinical protocol templates with step-by-step action items for different healthcare services.
                These protocols guide field staff through standardized service delivery procedures.","Tạo mới Lâm sàng giao thức mẫus với step-bởi-step hành động items cho different Y tế dịch vụs.
                Những này giao thứcs guide trường nhân viên qua standardized dịch vụ giao hàng procedures.",health_fieldservice
"Create field service teams to organize healthcare staff for home visit operations.
                Teams can have assigned service areas, equipment, and specialized capabilities.","Tạo mới trường dịch vụ độis Đến organize Y tế nhân viên cho Khám tại nhà vận hành.
                Độis can have phân cônged dịch vụ diện tíchs, thiết bị, và specialized capabilities.",health_fieldservice
Create final invoice and initiate payment workflow (Pay Now/Pay Later),Tạo mới final Hóa đơn và initiate Thanh toán workflow (Pay Bây giờ/Pay Sau),health_fieldservice
"Create geographic service areas for optimized staff assignment and 
                travel time calculations.","Tạo mới geobiểu đồic dịch vụ diện tíchs cho optimized nhân viên phân công và 
                travel Giờ calculations.",health_fieldservice
Create invoice from this quote,Tạo mới Hóa đơn Từ này quote,health_fieldservice
Create your first AI Assignment Analysis!,Tạo mới của bạn đầu tiên AI Phân công Phân tích!,health_fieldservice
Create your first Booking stage!,Tạo mới của bạn đầu tiên Đặt lịch giai đoạn!,health_fieldservice
Create your first healthcare skill!,Tạo mới của bạn đầu tiên Y tế skill!,health_fieldservice
Create your first staff assignment!,Tạo mới của bạn đầu tiên nhân viên phân công!,health_fieldservice
Created By,Tạo bởi,health_fieldservice
Created Date,Đã tạo Ngày,health_fieldservice
Critical,Khẩn cấp,health_fieldservice
Critical Complexity,Độ phức tạp khẩn cấp,health_fieldservice
Current Assignment,Hiện tại Phân công,health_fieldservice
Current Assignments,Hiện tại Phân côngments,health_fieldservice
Current FSOs,Hiện tại FSOs,health_fieldservice
Current Load %,Hiện tại Load %,health_fieldservice
Current Location,Hiện tại Vị trí,health_fieldservice
Current Location (GPS),Hiện tại Vị trí (GPS),health_fieldservice
Current Scheduled Date/Time,Hiện tại Lịch trìnhd Ngày/Giờ,health_fieldservice
Current Status,Hiện tại Trạng thái,health_fieldservice
Current number of bookings,Hiện tại Số lượng đặt lịchs,health_fieldservice
Currently assigned to this field service order,Hiện tại Giao cho này trường dịch vụ thứ tự,health_fieldservice
Custom Platform,Tùy chỉnh Platbiểu mẫu,health_fieldservice
Customer Portal URL,Khách hàng Cổng thông tin URL,health_fieldservice
Customer/Payer,Khách hàng/Người thanh toán,health_fieldservice
Daily Assignments,Hàng ngày Phân côngments,health_fieldservice
Daily Capacity,Hàng ngày Sức chứa,health_fieldservice
Dashboard,Bảng điều khiển,health_fieldservice
Date and time when booking was cancelled,Ngày và Giờ khi nào đặt lịch was Đã hủy,health_fieldservice
Date:,Ngày:,health_fieldservice
Days Until Maintenance,Days Cho đến Maintenance,health_fieldservice
Default Appointment Duration (Minutes),Mặc định Cuộc hẹn Thời lượng (Phúts),health_fieldservice
Default Stage,Mặc định Giai đoạn,health_fieldservice
Deferred,Hoãn lại,health_fieldservice
"Define healthcare skills and competencies that can be assigned to staff members
                for intelligent assignment matching.","Define Y tế skills và competencies đó can be Giao cho nhân viên members
                cho intelligent phân công phù hợp.",health_fieldservice
Define your first service area!,Define của bạn đầu tiên dịch vụ diện tích!,health_fieldservice
Department,Phòng ban,health_fieldservice
Describe treatment provided...,Describe Điều trị provided...,health_fieldservice
Describe what happens in this stage...,Describe cái gì happens trong này giai đoạn...,health_fieldservice
Detailed address for home visits,Chi tiết Địa chỉ cho Khám tại nhà,health_fieldservice
Detailed description of treatment provided,Chi tiết Mô tả của Điều trị provided,health_fieldservice
Diagnosis<br/>Chuẩn đoán,Chẩn đoán<br/>Chuẩn đoán,health_fieldservice
Diagnostic,Chẩn đoán,health_fieldservice
Diagnostic Equipment,Diagnostic Thiết bị,health_fieldservice
Diagnostic Services,Diagnostic Dịch vụs,health_fieldservice
Dimensions,Kích thước,health_fieldservice
Disc.%,CK %,health_fieldservice
Dispatcher,Điều phối viên,health_fieldservice
"Dispatchers - can create/assign FSOs, manage teams, and monitor all field activities","Dispatchers - can Tạo mới/phân công FSOs, manage độis, và monitor Tất cả trường các hoạt động",health_fieldservice
Distance to service location,Khoảng cách Đến dịch vụ Vị trí,health_fieldservice
Doctor assigned from staff assignments (computed from assignments with doctor role),Bác sĩ phân cônged Từ nhân viên phân côngs (computed Từ phân côngs với Bác sĩ vai trò),health_fieldservice
Doctor<br/>Bác sĩ,Bác sĩ<br/>Bác sĩ,health_fieldservice
Doctors,Bác sĩs,health_fieldservice
Documentation,Tài liệu,health_fieldservice
Documentation Equipment,Tài liệu Thiết bị,health_fieldservice
Documentation Required,Tài liệu Bắt buộc,health_fieldservice
Documentation Template,Tài liệu Mẫu,health_fieldservice
Drag and drop assignments between time slots,Kéo và thả phân côngs giữa Giờ slots,health_fieldservice
Drag the assignment card to a staff row to assign them,Kéo việc phân công Thẻ Đến a nhân viên row Đến phân công them,health_fieldservice
Drop assignment here,Thả phân công ở đây,health_fieldservice
Droplet Precautions,Thảlet Precautions,health_fieldservice
Duration (Hours),Thời lượng (Giờs),health_fieldservice
Duration (minutes),Thời lượng (phúts),health_fieldservice
Duration Display,Thời lượng Display,health_fieldservice
Duration in minutes for easier scheduling,Thời lượng trong phúts cho easier scheduling,health_fieldservice
Effective Date,Effective Ngày,health_fieldservice
Email Only,Chỉ qua Email,health_fieldservice
Email and SMS,Email và SMS,health_fieldservice
Emergency Care,Chăm sóc khẩn cấp,health_fieldservice
Emergency Contact Email,Liên hệ khẩn cấp Email,health_fieldservice
Emergency Contact Information,Liên hệ khẩn cấp Thông tin,health_fieldservice
Emergency Contact Relation,Liên hệ khẩn cấp Relation,health_fieldservice
Emergency Location,Khẩn cấp Vị trí,health_fieldservice
Emergency Response,Khẩn cấp Response,health_fieldservice
Employees with this Skill,Nhân viêns với này Skill,health_fieldservice
Employment Status,Employment Trạng thái,health_fieldservice
Employment Type,Employment Loại,health_fieldservice
En Route,Đang trên đường,health_fieldservice
End Date & Time,Ngày kết thúc & Giờ,health_fieldservice
End Time,Kết thúc Giờ,health_fieldservice
End time must be after start time.,Kết thúc Giờ must là after bắt đầu Giờ.,health_fieldservice
Enhanced Precautions,Phòng ngừa tăng cường,health_fieldservice
Enter clinical observations and notes...,Nhập Lâm sàng quan sáts và Ghi chú...,health_fieldservice
Enter medical diagnosis (Chuẩn đoán)...,Nhập Y khoa Chẩn đoán (Chuẩn đoán)...,health_fieldservice
Equipment,Thiết bị,health_fieldservice
Equipment Assigned,Thiết bị Phân cônged,health_fieldservice
Equipment Charge,Thiết bị Charge,health_fieldservice
Equipment Checklist Complete,Thiết bị Kiểm tradanh sách Hoàn thành,health_fieldservice
Equipment Information,Thiết bị Thông tin,health_fieldservice
Equipment Issue,Thiết bị Issue,health_fieldservice
Equipment Manager,Thiết bị Quản lý,health_fieldservice
Equipment Name,Thiết bị Tên,health_fieldservice
Equipment Search,Thiết bị Tìm kiếm,health_fieldservice
Equipment Service History,Thiết bị Dịch vụ Lịch sử,health_fieldservice
Equipment Type,Thiết bị Loại,health_fieldservice
Equipment actually assigned and available,Thiết bị actually phân cônged và có sẵn,health_fieldservice
Equipment assigned to this team,Thiết bị Giao cho này đội,health_fieldservice
"Equipment management - can manage portable equipment, maintenance, and assignments","Thiết bị quản lý - can manage portable thiết bị, maintenance, và phân côngs",health_fieldservice
Equipment must be available to assign to field service order.,Thiết bị must là có sẵn Đến phân công Đến trường dịch vụ thứ tự.,health_fieldservice
Equipment needed for this protocol,Thiết bị nhu cầued cho này giao thức,health_fieldservice
Equipment required for this assignment (from FSO or manual),Thiết bị Bắt buộc cho này phân công (Từ FSO hoặc manual),health_fieldservice
Escalate after (minutes),Escalate after (phúts),health_fieldservice
Escalate this communication to higher management?,Escalate này communication Đến caoer quản lý?,health_fieldservice
Escalated To,Escalated Đến,health_fieldservice
Escalation,Leo thang,health_fieldservice
Escalation Level,Escalation Cấp độ,health_fieldservice
Estimated Arrival Time,Estimated Arrival Giờ,health_fieldservice
Estimated Distance (KM),Estimated Khoảng cách (KM),health_fieldservice
Estimated Duration (Hours),Estimated Thời lượng (Giờs),health_fieldservice
Estimated Duration (minutes),Estimated Thời lượng (phúts),health_fieldservice
Estimated End Time,Estimated Kết thúc Giờ,health_fieldservice
Estimated Travel Time (Hours),Estimated Travel Giờ (Giờs),health_fieldservice
Estimated Travel Time (hours),Estimated Travel Giờ (giờs),health_fieldservice
Estimated duration of the service in hours,Estimated Thời lượng của việc dịch vụ trong giờs,health_fieldservice
Estimated travel time,Estimated travel Giờ,health_fieldservice
Ethnicity<br/>Dân tộc,Dân tộc<br/>Dân tộc,health_fieldservice
Evening Shift,Evening Ca làm việc,health_fieldservice
Expected Arrival Time,Dự kiến Arrival Giờ,health_fieldservice
Expert,Chuyên gia,health_fieldservice
Expiry Date,Expiry Ngày,health_fieldservice
FSO,Lệnh DVHT,health_fieldservice
FSO Assignment Calendar,FSO Phân công Lịch,health_fieldservice
FSO Assignment Dashboard,FSO Phân công Bảng điều khiển,health_fieldservice
FSO Count,FSO Số lượng,health_fieldservice
FSO Staff Assignments,FSO Nhân viên Phân côngments,health_fieldservice
FSO created but not yet dispatched,FSO Đã tạo but không yet dispatched,health_fieldservice
Facility where service will be provided (for clinic/hospital visits),Cơ sở ở đâu dịch vụ sẽ là provided (cho Phòng khám/Bệnh viện Lần khám),health_fieldservice
Failed to apply AI optimization: %s,Thất bại Đến Áp dụng AI optimization: %s,health_fieldservice
Failed to create Booking. Please check appointment details.,Thất bại Đến Tạo mới Đặt lịch. Vui lòng kiểm tra Cuộc hẹn Chi tiết.,health_fieldservice
Failed to create quote. Please check patient and pricing information.,Thất bại Đến Tạo mới quote. Vui lòng kiểm tra Bệnh nhân và pricing thông tin.,health_fieldservice
Failed to create quote. Please create a quote first.,Thất bại Đến Tạo mới quote. Vui lòng Tạo mới a quote đầu tiên.,health_fieldservice
Failed to generate AI predictions: %s,Thất bại Đến geneđánh giá AI predictions: %s,health_fieldservice
Female / Nữ,Nữ / Nữ,health_fieldservice
Field Service,Trường Dịch vụ,health_fieldservice
Field Service Communication,Trường Dịch vụ Communication,health_fieldservice
Field Service Communications,Trường Dịch vụ Communications,health_fieldservice
Field Service Dispatcher,Trường Dịch vụ Dispatcher,health_fieldservice
Field Service Manager,Trường Dịch vụ Quản lý,health_fieldservice
Field Service Real-time Communication,Trường Dịch vụ Real-Giờ Communication,health_fieldservice
Field Service Staff,Trường Dịch vụ Nhân viên,health_fieldservice
Field Service Team,Trường Dịch vụ Đội,health_fieldservice
Field Service Teams,Trường Dịch vụ Độis,health_fieldservice
Field Service User,Trường Dịch vụ Người dùng,health_fieldservice
Field Staff,Trường Nhân viên,health_fieldservice
"Field staff - can update FSO status, communicate, and complete service steps","Trường nhân viên - can Cập nhật FSO Trạng thái, communicate, và Hoàn thành dịch vụ steps",health_fieldservice
Field staff confirmed all equipment is available and functional,Trường nhân viên Đã xác nhận Tất cả thiết bị là có sẵn và functional,health_fieldservice
Financial,Tài chính,health_fieldservice
Findings/Issues,Phát hiện/Vấn đề,health_fieldservice
Flexible,Linh hoạt,health_fieldservice
Folded in Kanban,Folded trong Kanban,health_fieldservice
Follow-up Care,Chăm sóc theo dõi,health_fieldservice
Follow-up Date,Theo dõi Ngày,health_fieldservice
Follow-up Notes,Theo dõi Ghi chú,health_fieldservice
Follow-up Required,Theo dõi Bắt buộc,health_fieldservice
Follow-up Visit,Theo dõi Lần khám,health_fieldservice
Follow-up instructions...,Theo dõi hướng dẫn...,health_fieldservice
Followers,Người theo dõis,health_fieldservice
Followers (Partners),Người theo dõis (Đối tács),health_fieldservice
Formatted DateTime,Biểu mẫuatted NgàyGiờ,health_fieldservice
Friday Hours,Thứ Sáu Giờs,health_fieldservice
Full access to staff assignment system and analytics,Đầy đủ truy cập Đến nhân viên phân công hệ thống và analytics,health_fieldservice
Full-Time Staff,Đầy đủ-Giờ Nhân viên,health_fieldservice
Full-time staff can create invoices; Part-time/Casual require Operations invoicing,Đầy đủ-Giờ nhân viên can Tạo mới hóa đơns; Part-Giờ/Casual require Vận hành invoicing,health_fieldservice
Full-time staff can create invoices; part-time/casual staff require Operations invoicing,Đầy đủ-Giờ nhân viên can Tạo mới hóa đơns; part-Giờ/casual nhân viên require Vận hành invoicing,health_fieldservice
Fully Paid,Fully Đã thanh toán,health_fieldservice
GPS Latitude,GPS Vĩ độ,health_fieldservice
GPS Longitude,GPS Kinh độ,health_fieldservice
GPS Tracking,GPS Theo dõi,health_fieldservice
GPS coordinates for navigation to service location,Tọa độ GPS cho navigation Đến dịch vụ Vị trí,health_fieldservice
Gender<br/>Giới tính,Giới tính<br/>Giới tính,health_fieldservice
Generate AI predictions for assignment complexity and duration,Geneđánh giá AI predictions cho phân công complexity và Thời lượng,health_fieldservice
Generate AI-powered staff assignment suggestions for unassigned appointments,Geneđánh giá AI-powered nhân viên phân công suggestions cho unphân cônged Các cuộc hẹn,health_fieldservice
Generate MOH Compliance Report,Geneđánh giá MOH Tuân thủ Báo cáo,health_fieldservice
Generate fresh AI predictions for this assignment,Geneđánh giá fresh AI predictions cho này phân công,health_fieldservice
Generated Invoice,Geneđánh giád Hóa đơn,health_fieldservice
Generated:,Geneđánh giád:,health_fieldservice
Geographic Coordinates,Geobiểu đồic Tọa độ,health_fieldservice
Geographic Optimization,Geobiểu đồic Optimization,health_fieldservice
Geographic areas this team covers,Geobiểu đồic diện tíchs này đội cquas,health_fieldservice
Geographic proximity score (0-100),Geobiểu đồic proximity điểm (0-100),health_fieldservice
Google Maps route data,Google Maps route data,health_fieldservice
Google Meet,Google Meet,health_fieldservice
Has Audio,Có Âm thanh,health_fieldservice
Has Conflicts,Có Conflicts,health_fieldservice
Has Field Service Order,Có Trường Dịch vụ Đơn hàng,health_fieldservice
Has Insurance,Có Bảo hiểm,health_fieldservice
Has Invoice,Có Hóa đơn,health_fieldservice
Has Message,Có Tin nhắn,health_fieldservice
Has Photo,Có Photo,health_fieldservice
Has Vehicle,Có Vehicle,health_fieldservice
Head Nurse Assigned By,Head Y tá Phân cônged Bởi,health_fieldservice
Head Nurse Assigned Date,Head Y tá Phân cônged Ngày,health_fieldservice
Head Nurse Assignment,Head Y tá Phân công,health_fieldservice
Healthcare Appointment,Y tế Cuộc hẹn,health_fieldservice
Healthcare Booking Stages,Y tế Đặt lịch Giai đoạns,health_fieldservice
Healthcare Field Service,Y tế Trường Dịch vụ,health_fieldservice
Healthcare Field Service Management System,Y tế Trường Dịch vụ Quản lý Hệ thống,health_fieldservice
Healthcare Field Service Order (Unified Booking System),Y tế Trường Dịch vụ Đơn hàng (Unified Đặt lịch Hệ thống),health_fieldservice
Healthcare Field Service Teams,Y tế Trường Dịch vụ Độis,health_fieldservice
Healthcare Information,Y tế Thông tin,health_fieldservice
Healthcare Quote,Y tế Báo giá,health_fieldservice
Healthcare Quote - %s,Y tế Báo giá - %s,health_fieldservice
Healthcare Quotes,Y tế Quotes,health_fieldservice
Healthcare Role & Status,Y tế Vai trò & Trạng thái,health_fieldservice
Healthcare Sales User,Y tế Kinh doanh Người dùng,health_fieldservice
Healthcare Services,Y tế Dịch vụs,health_fieldservice
Healthcare Skill,Y tế Skill,health_fieldservice
Healthcare Skills,Y tế Skills,health_fieldservice
Healthcare Staff Assignment,Y tế Nhân viên Phân công,health_fieldservice
Healthcare Staff Search,Y tế Nhân viên Tìm kiếm,health_fieldservice
Healthcare facilities where this employee works,Y tế Các cơ sở ở đâu này nhân viên works,health_fieldservice
Healthcare professionals who receive assignments,Y tế chuyên nghiệps ai Nhận phân côngs,health_fieldservice
"Healthcare quotes must have at least one order line before confirmation.
Please add at least one service or product to this quote.","Y tế quotes must have tại ít nhất one thứ tự line trước xác nhậnation.
Vui lòng Thêm tại ít nhất one dịch vụ hoặc sản phẩm Đến này quote.",health_fieldservice
Healthcare: Daily AI Assignment Optimization,Y tế: Hàng ngày AI Phân công Optimization,health_fieldservice
Healthcare: Generate AI Assignment Suggestions,Y tế: Geneđánh giá AI Phân công Suggestions,health_fieldservice
Healthcare: Weekly AI Assignment Model Training,Y tế: Tuầnly AI Phân công Mô hình Đào tạo,health_fieldservice
High Accuracy,Cao Accuracy,health_fieldservice
High Complexity,Cao Complexity,health_fieldservice
High Performers,Cao Perbiểu mẫuers,health_fieldservice
High Priority,Ưu tiên Cao,health_fieldservice
Highest Priority,Caoest Ưu tiên,health_fieldservice
Hire Date,Hire Ngày,health_fieldservice
Home Visit Coverage Areas,Khám tại nhà Cquaage Diện tíchs,health_fieldservice
Home Visit Preference,Khám tại nhà Ptham chiếu,health_fieldservice
Hospital,Bệnh viện,health_fieldservice
Hours,Giờs,health_fieldservice
How many appointments can be handled in this slot,Như thế nào many Các cuộc hẹn có thể là handled trong này slot,health_fieldservice
How well staff skills match requirements (0-100),Như thế nào well nhân viên skills match yêu cầus (0-100),health_fieldservice
Human-readable preview of action steps,Human-readable pđánh giá của hành động steps,health_fieldservice
"If checked, some messages have a delivery error.","Nếu kiểm traed, một số Tin nhắn có a giao hàng Lỗi.",health_fieldservice
In Person,Trong Person,health_fieldservice
In Progress,Trong Progress,health_fieldservice
In Use,Trong Dùng,health_fieldservice
Indicates if this appointment has a field service order,Indicates nếu này Cuộc hẹn có a trường dịch vụ thứ tự,health_fieldservice
Indicates this is a final stage (completed/cancelled),Indicates này là a final giai đoạn (đã hoàn thành/Đã hủy),health_fieldservice
Individual staff assignments for this Booking,Individual nhân viên phân côngs cho này Đặt lịch,health_fieldservice
Individual staff member for this assignment (can be unassigned in draft state),Individual nhân viên member cho này phân công (can be unphân cônged trong Nháp Tỉnh/Thành),health_fieldservice
Infection Control Level,Infection Control Cấp độ,health_fieldservice
Inspection,Kiểm tra,health_fieldservice
Insurance Claim,Bảo hiểm Claim,health_fieldservice
Insurance No.<br/>Số thẻ BHYT,Bảo hiểm Không.<br/>Số thẻ BHYT,health_fieldservice
Insurance<br/>BHYT,Bảo hiểm<br/>BHYT,health_fieldservice
Intelligent Staff Assignment Engine,Intelligent Nhân viên Phân công Engine,health_fieldservice
Intelligent Staff Assignment Record,Intelligent Nhân viên Phân công Bản ghi,health_fieldservice
Intermediate,Trung cấp,health_fieldservice
Intermediate Complexity,Độ phức tạp trung cấp,health_fieldservice
Invoice,Hóa đơn,health_fieldservice
Invoice %s created from healthcare quote %s,Hóa đơn %s Đã tạo Từ Y tế quote %s,health_fieldservice
Invoice Count,Hóa đơn Số lượng,health_fieldservice
Invoice Status,Hóa đơn Trạng thái,health_fieldservice
Invoice Submitted,Hóa đơn Đã nộp,health_fieldservice
Invoice already exists for this service order.,Hóa đơn đã tồn tại cho này dịch vụ thứ tự.,health_fieldservice
Invoice can only be created for completed services.,Hóa đơn có thể only là Đã tạo cho đã hoàn thành dịch vụs.,health_fieldservice
Invoice generated for this service order,Hóa đơn geneđánh giád cho này dịch vụ thứ tự,health_fieldservice
"Invoice or Quote is required before completing the service.

Please create a quote with service items before completing.","Hóa đơn hoặc Quote là Bắt buộc trước completing the dịch vụ.

Vui lòng Tạo mới a quote với dịch vụ items trước completing.",health_fieldservice
Invoices,Hóa đơns,health_fieldservice
Invoices for %s,Hóa đơns cho %s,health_fieldservice
Is Closed Stage,Là Đóngd Giai đoạn,health_fieldservice
Is Future,Là Tương lai,health_fieldservice
Is Overdue,Là Quá hạn,health_fieldservice
Is Past,Là Quá khứ,health_fieldservice
Is Read,Là Read,health_fieldservice
Is Today,Là Hôm nay,health_fieldservice
JSON analysis of skill matching,JSON Phân tích của skill phù hợp,health_fieldservice
JSON array of required skills,JSON array của Bắt buộc skills,health_fieldservice
JSON data of factors considered by AI assignment engine,JSON data của factors considered bởi AI phân công engine,health_fieldservice
JSON template defining step-by-step actions for field staff,JSON mẫu defining step-bởi-step Hành động cho trường nhân viên,health_fieldservice
Junior,Sơ cấp,health_fieldservice
Languages Spoken,Ngôn ngữs Spoken,health_fieldservice
Last Assignment Date,Cuối cùng Phân công Ngày,health_fieldservice
Last Communication,Cuối cùng Communication,health_fieldservice
Last Maintenance,Cuối cùng Maintenance,health_fieldservice
Last Optimization,Cuối cùng Optimization,health_fieldservice
Last Training Date,Cuối cùng Đào tạo Ngày,health_fieldservice
Last Updated,Cuối cùng Cập nhậtd,health_fieldservice
Last Updated By,Cuối cùng Cập nhậtd Bởi,health_fieldservice
Last Updated by,Cuối cùng Cập nhậtd bởi,health_fieldservice
Last Updated on,Cuối cùng Cập nhậtd trên,health_fieldservice
Lead Assignment,Tiềm năng Phân công,health_fieldservice
Lead Nurse,Tiềm năng Y tá,health_fieldservice
Lead Staff,Tiềm năng Nhân viên,health_fieldservice
"Leave ""Assigned Staff"" empty to create an unassigned assignment","Rời khỏi ""Phân cônged Nhân viên"" Trống Đến Tạo mới an unphân cônged phân công",health_fieldservice
Leave blank to keep current schedule,Rời khỏi blank Đến keep current Lịch trình,health_fieldservice
List medications prescribed...,Danh sách thuốcs prescribed...,health_fieldservice
Loading staff workload data...,Đang tải nhân viên workload data...,health_fieldservice
Loading timeline data...,Đang tải Dòng thời gian data...,health_fieldservice
Location,Vị trí,health_fieldservice
Location & Timing,Vị trí & Timing,health_fieldservice
Location & Travel,Vị trí & Travel,health_fieldservice
Location Description,Vị trí Mô tả,health_fieldservice
Location Details,Vị trí Chi tiết,health_fieldservice
Location Last Updated,Vị trí Cuối cùng Cập nhậtd,health_fieldservice
Location Type,Vị trí Loại,health_fieldservice
Low Complexity,Thấp Complexity,health_fieldservice
Low Priority,Ưu tiên Thấp,health_fieldservice
Lowest Priority,Lowest Ưu tiên,health_fieldservice
MISA Reference,MISA Tham chiếu,health_fieldservice
MISA Sync Date,MISA Đồng bộ Ngày,health_fieldservice
MISA Synced,MISA Đồng bộed,health_fieldservice
ML Optimization Applied,Đã áp dụng tối ưu ML,health_fieldservice
ML predicted assignment success rate,ML predicted phân công Thành công đánh giá,health_fieldservice
ML predicted probability of successful completion,ML predicted xác suất của thành côngful completion,health_fieldservice
ML-generated score for assignment quality,ML-geneđánh giád điểm cho phân công quality,health_fieldservice
ML-powered assignment quality score,ML-powered phân công quality điểm,health_fieldservice
MOH Compliance - Diagnosis,MOH Tuân thủ - Chẩn đoán,health_fieldservice
MOH Compliance Report (Multi),MOH Tuân thủ Báo cáo (Multi),health_fieldservice
MOH Reference Number,MOH Tham chiếu Số,health_fieldservice
MOH Report,MOH Báo cáo,health_fieldservice
MOH Submission Date,MOH Submission Ngày,health_fieldservice
MOH Submission Required,MOH Submission Bắt buộc,health_fieldservice
Mains Power,Điện lưới,health_fieldservice
Maintenance,Bảo trì,health_fieldservice
Maintenance Due,Maintenance Hạn,health_fieldservice
Maintenance Interval (days),Maintenance Khoảng (days),health_fieldservice
Maintenance Schedule,Maintenance Lịch trình,health_fieldservice
Male / Nam,Nam / Nam,health_fieldservice
Manage healthcare staff assignments and scheduling,Quản lý Y tế nhân viên phân côngs và scheduling,health_fieldservice
"Manage healthcare staff members who can be assigned to field service orders.
                Configure their skills, availability, and competencies for optimal assignment matching.","Manage Y tế nhân viên members ai can be Giao cho trường dịch vụ thứ tựs.
                Configure của họ skills, availability, và competencies cho optimal phân công phù hợp.",health_fieldservice
"Managers - full access to field service system, analytics, and configuration","Quản lýs - Đầy đủ truy cập Đến trường dịch vụ hệ thống, analytics, và Cấu hình",health_fieldservice
Manual Operation,Thủ công Hoạt động,health_fieldservice
Manually assign or modify staff assignments,Manually phân công hoặc modify nhân viên phân côngs,health_fieldservice
Manufacturer,Nhà sản xuất,health_fieldservice
Mark Available,Mark Có sẵn,health_fieldservice
Mark In Use,Mark Trong Dùng,health_fieldservice
Max Appointments Per Day,Tối đa Các cuộc hẹn Per Ngày,health_fieldservice
Max Daily Assignments,Tối đa Hàng ngày Phân côngments,health_fieldservice
Max Home Visits per Day,Tối đa Khám tại nhà per Ngày,health_fieldservice
Max Travel Distance (KM),Tối đa Travel Khoảng cách (KM),health_fieldservice
Maximum assignments per day,Maximum phân côngs per ngày,health_fieldservice
Medical,Y khoa,health_fieldservice
Medical Care,Y khoa Care,health_fieldservice
Medical Specializations,Y khoa Specializations,health_fieldservice
Medical Supplies,Y khoa Supplies,health_fieldservice
Medical diagnosis (Chuẩn đoán) - MOH compliance field,Y khoa Chẩn đoán (Chuẩn đoán) - MOH tuân thủ trường,health_fieldservice
Medical equipment required for this service,Y khoa thiết bị Bắt buộc cho này dịch vụ,health_fieldservice
Medical supplies needed for service,Y khoa supplies nhu cầued cho dịch vụ,health_fieldservice
Medications Prescribed,Thuốcs Prescribed,health_fieldservice
Medications prescribed during service,Thuốcs prescribed during dịch vụ,health_fieldservice
Medium Complexity,Trung bình Complexity,health_fieldservice
Message,Tin nhắn,health_fieldservice
Message Type,Tin nhắn Loại,health_fieldservice
Microsoft Teams,Microsoft Độis,health_fieldservice
Minimum qualifications needed to perform this protocol,Minimum qualifications nhu cầued Đến perbiểu mẫu này giao thức,health_fieldservice
Minutes,Phúts,health_fieldservice
Mobile App,Di động Ứng dụng,health_fieldservice
Mobile for Assignments,Di động cho Phân côngments,health_fieldservice
Model Number,Mô hình Số,health_fieldservice
Model Status,Mô hình Trạng thái,health_fieldservice
Monday Hours,Thứ Hai Giờs,health_fieldservice
Monitoring Equipment,Monitoring Thiết bị,health_fieldservice
"Month and year for kanban grouping (e.g., ""October 2025"")","Tháng và năm cho kanban nhóming (e.g., ""Tháng Mười 2025"")",health_fieldservice
Monthly Appointments,Thángly Các cuộc hẹn,health_fieldservice
Morning Shift,Morning Ca làm việc,health_fieldservice
Motorbike,Xe máy,health_fieldservice
Moving assignment...,Moving phân công...,health_fieldservice
My Assignments,Của tôi Phân côngments,health_fieldservice
Name of Patient<br/>Họ và tên,Tên của Bệnh nhân<br/>Họ và tên,health_fieldservice
Name:,Tên:,health_fieldservice
Name<br/>Họ và tên,Tên<br/>Họ và tên,health_fieldservice
Navigation Assistance,Hỗ trợ dẫn đường,health_fieldservice
New Assignment,Mới Phân công,health_fieldservice
New Booking,Mới Đặt lịch,health_fieldservice
New FSO,Mới FSO,health_fieldservice
New Scheduled Date/Time,Mới Lịch trìnhd Ngày/Giờ,health_fieldservice
Next Maintenance Due,Tiếp theo Maintenance Hạn,health_fieldservice
Next Service Due,Tiếp theo Dịch vụ Hạn,health_fieldservice
Night Shift,Night Ca làm việc,health_fieldservice
No AI Suggestions,Không AI Suggestions,health_fieldservice
No Booking associated with this assignment.,Không Đặt lịch liên kết với này phân công.,health_fieldservice
No Booking exists for this appointment.,Không Đặt lịch exists cho này Cuộc hẹn.,health_fieldservice
No Closed stage found. Please configure booking stages properly.,Không Đóngd giai đoạn được tìm thấy. Vui lòng configure đặt lịch giai đoạns properly.,health_fieldservice
No FSO found for this quote.,Không FSO được tìm thấy cho này quote.,health_fieldservice
No In Progress stage found. Please configure booking stages properly.,Không Trong Progress giai đoạn được tìm thấy. Vui lòng configure đặt lịch giai đoạns properly.,health_fieldservice
No Power Required,Không Power Bắt buộc,health_fieldservice
No Predictions Available,Không Predictions Có sẵn,health_fieldservice
No Preference,Không Ptham chiếu,health_fieldservice
No Show,Không Hiển thị,health_fieldservice
No Staff Available,Không Nhân viên Có sẵn,health_fieldservice
No Staff Members Found,Không Nhân viên Members Được tìm thấy,health_fieldservice
No appointment linked to this assignment,Không Cuộc hẹn liên kếted Đến này phân công,health_fieldservice
No assignments,Không phân côngs,health_fieldservice
No availability slots found!,Không availability slots được tìm thấy!,health_fieldservice
No bookings found!,Không đặt lịchs được tìm thấy!,health_fieldservice
No clinical protocols found!,Không Lâm sàng giao thứcs được tìm thấy!,health_fieldservice
No communications found!,Không communications được tìm thấy!,health_fieldservice
No confirmed stage found. Please configure stages properly.,Không Đã xác nhận giai đoạn được tìm thấy. Vui lòng configure giai đoạns properly.,health_fieldservice
No field service teams found!,Không trường dịch vụ độis được tìm thấy!,health_fieldservice
No healthcare staff members found for assignment suggestions.,Không Y tế nhân viên members được tìm thấy cho phân công suggestions.,health_fieldservice
"No invoice could be created from this quote.
Please check that:
• All items have been marked as delivered
• Product invoicing policies are correct
• Quote is in confirmed state","Không Hóa đơn could be Đã tạo Từ này quote.
Vui lòng kiểm tra đó:
• Tất cả items have been marked như là delivered
• Sản phẩm invoicing policies are đúng
• Quote là trong Đã xác nhận Tỉnh/Thành",health_fieldservice
No invoice has been generated for this booking.,Không Hóa đơn có been geneđánh giád cho này đặt lịch.,health_fieldservice
No invoice has been generated for this service order yet.,Không Hóa đơn có been geneđánh giád cho này dịch vụ thứ tự yet.,health_fieldservice
No invoices have been generated for this booking.,Không hóa đơns có been geneđánh giád cho này đặt lịch.,health_fieldservice
No optimal staff suggestions available for this assignment. Please ensure staff are available and have required skills.,Không optimal nhân viên suggestions có sẵn cho này phân công. Vui lòng ensure nhân viên are có sẵn và have Bắt buộc skills.,health_fieldservice
No portable medical equipment found!,Không portable Y khoa thiết bị được tìm thấy!,health_fieldservice
No quote has been created for this Booking yet.,Không quote có been Đã tạo cho này Đặt lịch yet.,health_fieldservice
No quotes have been created for this Booking yet.,Không quotes có been Đã tạo cho này Đặt lịch yet.,health_fieldservice
No staff assigned to this assignment,Không nhân viên Giao cho này phân công,health_fieldservice
No staff assignments found!,Không nhân viên phân côngs được tìm thấy!,health_fieldservice
No.<br/>STT,Không.<br/>STT,health_fieldservice
Normal,Bình thường,health_fieldservice
Normal Priority,Ưu tiên Bình thường,health_fieldservice
Notes about service completion,Ghi chú về việc hoàn thành dịch vụ,health_fieldservice
Notes added upon completion,Ghi chú được thêm khi hoàn thành,health_fieldservice
Notes<br/>Ghi chú,Ghi chú<br/>Ghi chú,health_fieldservice
Number of Actions,Số lượng hành động,health_fieldservice
Number of errors,Số lượng lỗi,health_fieldservice
Number of invoices related to this Booking,Số lượng hóa đơn liên quan đến Đặt lịch này,health_fieldservice
Number of messages requiring action,Số lượng tin nhắn cần xử lý,health_fieldservice
Number of messages with delivery error,Số lượng tin nhắn bị lỗi gửi đi,health_fieldservice
Number of order lines in the healthcare quote,Số dòng đơn hàng trong báo giá y tế,health_fieldservice
Number of quotes/sales orders related to this Booking,Số lượng báo giá/đơn bán hàng liên quan đến Đặt lịch này,health_fieldservice
Number of staff assignments for this Booking,Số lượng phân công nhân viên cho Đặt lịch này,health_fieldservice
Number of times this equipment has been used,Số lần thiết bị này đã được sử dụng,health_fieldservice
Number of times this protocol has been used,Số lần giao thức này đã được sử dụng,health_fieldservice
Nurses,Y tás,health_fieldservice
Nursing Home,Viện dưỡng lão,health_fieldservice
Off Duty,Tắt Duty,health_fieldservice
Office,Văn phòng,health_fieldservice
Offline,Ngoại tuyến,health_fieldservice
On Break,Đang nghỉ,health_fieldservice
On Duty,Trên Duty,health_fieldservice
On Leave,Đang nghỉ phép,health_fieldservice
Online,Trực tuyến,health_fieldservice
Online Meeting URL,Đường dẫn cuộc họp trực tuyến,health_fieldservice
Online Platform,Nền tảng trực tuyến,health_fieldservice
Online/Telemedicine,Trực tuyến/Khám từ xa,health_fieldservice
Only assigned assignments can be confirmed,Chỉ những phân công đã giao mới có thể xác nhận,health_fieldservice
Only assigned records can be confirmed.,Chỉ những bản ghi đã giao mới có thể xác nhận.,health_fieldservice
Only available equipment can be marked as in use.,Chỉ thiết bị có sẵn mới có thể đánh dấu là đang sử dụng.,health_fieldservice
Only confirmed assignments can be started,Chỉ những phân công đã xác nhận mới có thể bắt đầu,health_fieldservice
Only draft assignments can be moved to assigned state.,Chỉ phân công nháp mới có thể chuyển sang trạng thái đã giao.,health_fieldservice
Only in-progress assignments can be completed,Chỉ những phân công đang thực hiện mới có thể hoàn thành,health_fieldservice
"Only one stage can be default for state ""%s\","Only one giai đoạn có thể là mặc định cho Tỉnh/Thành ""%s\",health_fieldservice
Only patients can have Bookings created.,Chỉ bệnh nhân mới có thể tạo Đặt lịch.,health_fieldservice
Only patients can have Bookings.,Chỉ bệnh nhân mới có thể có Đặt lịch.,health_fieldservice
Operations Manager,Vận hành Quản lý,health_fieldservice
Ops Manager Approved By,Người duyệt (Quản lý vận hành),health_fieldservice
Ops Manager Approved Date,Ngày duyệt (Quản lý vận hành),health_fieldservice
Ops Manager Review,Quản lý vận hành xem xét,health_fieldservice
Optimal Assignment Suggestions JSON,Gợi ý phân công tối ưu (JSON),health_fieldservice
Optimal Assignments,Phân công tối ưu,health_fieldservice
Optimal Route Data (JSON),Dữ liệu lộ trình tối ưu (JSON),health_fieldservice
Optimal Staff Suggestions,Gợi ý nhân viên tối ưu,health_fieldservice
Optimal Staff Suggestions JSON,Gợi ý nhân viên tối ưu (JSON),health_fieldservice
Optimization Insights,Phân tích tối ưu hóa,health_fieldservice
Optimization Suggestions JSON,Gợi ý tối ưu hóa (JSON),health_fieldservice
Optional notes about the staff assignment,Tùy chọn Ghi chú về việc nhân viên phân công,health_fieldservice
Optional notes about the staff assignment...,Tùy chọn Ghi chú về việc nhân viên phân công...,health_fieldservice
Optional: Assign a doctor to this service,Tùy chọn: Phân công a Bác sĩ Đến này dịch vụ,health_fieldservice
Order Lines,Chi tiết đơn hàng,health_fieldservice
Originating Lead,Đầu mối nguồn,health_fieldservice
Other / Khác,Khác / Khác,health_fieldservice
Other Location,Vị trí khác,health_fieldservice
Overall AI assessment of assignment quality (0-100%),Đánh giá tổng thể của AI về chất lượng phân công (0-100%),health_fieldservice
Overdue,Quá hạn,health_fieldservice
Overloaded Staff,Nhân viên quá tải,health_fieldservice
Overpaid,Thanh toán thừa,health_fieldservice
Part-Time Staff,Nhân viên bán thời gian,health_fieldservice
Partially Paid,Thanh toán một phần,health_fieldservice
Patient Address,Địa chỉ bệnh nhân,health_fieldservice
Patient Age,Tuổi bệnh nhân,health_fieldservice
Patient Concern,Mối quan tâm của bệnh nhân,health_fieldservice
Patient Condition (After),Tình trạng bệnh nhân (Sau),health_fieldservice
Patient Condition (Before),Tình trạng bệnh nhân (Trước),health_fieldservice
Patient Contact Confirmed,Đã xác nhận liên hệ bệnh nhân,health_fieldservice
Patient Contacted,Đã liên hệ bệnh nhân,health_fieldservice
Patient Email,Email bệnh nhân,health_fieldservice
Patient Home,Nhà bệnh nhân,health_fieldservice
Patient Notes,Ghi chú bệnh nhân,health_fieldservice
Patient Phone,Điện thoại bệnh nhân,health_fieldservice
Patient Portal,Cổng thông tin bệnh nhân,health_fieldservice
Patient Satisfaction Impact,Tác động đến sự hài lòng của bệnh nhân,health_fieldservice
Patient Satisfaction Score,Điểm hài lòng của bệnh nhân,health_fieldservice
Patient address,Bệnh nhân Địa chỉ,health_fieldservice
Patient condition after service...,Bệnh nhân Tình trạng after dịch vụ...,health_fieldservice
Patient condition before service...,Bệnh nhân Tình trạng trước dịch vụ...,health_fieldservice
"Patient contact confirmation is required for stage ""%s\","Bệnh nhân Liên hệ xác nhậnation là Bắt buộc cho giai đoạn ""%s\",health_fieldservice
Patient is required to create Booking.,Bệnh nhân là Bắt buộc Đến Tạo mới Đặt lịch.,health_fieldservice
Patient/Family,Bệnh nhân/Family,health_fieldservice
Payment Pending,Đang chờ thanh toán,health_fieldservice
Payment Status,Trạng thái thanh toán,health_fieldservice
Payment Workflow,Quy trình thanh toán,health_fieldservice
Pending Training,Đang chờ đào tạo,health_fieldservice
Percentage of FSOs completed on time,Tỷ lệ đơn dịch vụ hoàn thành đúng hạn,health_fieldservice
Performance Metrics,Perbiểu mẫuance Metrics,health_fieldservice
Period End,Kết thúc kỳ,health_fieldservice
Period Start,Bắt đầu kỳ,health_fieldservice
Phone number for assignment notifications,Số điện thoại nhận thông báo phân công,health_fieldservice
Physical,Vật lý,health_fieldservice
Planned End Time,Giờ kết thúc kế hoạch,health_fieldservice
Planned Start Time,Giờ bắt đầu kế hoạch,health_fieldservice
Planning Accuracy %,Độ chính xác kế hoạch %,health_fieldservice
Please assign staff members before moving to assigned state.,Vui lòng phân công nhân viên members trước moving Đến phân cônged Tỉnh/Thành.,health_fieldservice
Please provide detailed information about why this booking is being cancelled. Include any relevant context that may be useful for future reference.,Vui lòng provide chi tiết thông tin about tại sao này đặt lịch là being Đã hủy. Include bất kỳ relevant convăn bản đó tháng năm be useful cho future Tham chiếu.,health_fieldservice
Please select a cancellation reason.,Vui lòng chọn lý do hủy.,health_fieldservice
Please select at least one staff member (doctor or nurse) to assign.,Vui lòng chọn ít nhất một nhân viên (bác sĩ hoặc y tá) để phân công.,health_fieldservice
Portable Medical Equipment,Thiết bị y tế di động,health_fieldservice
Portal Access URL,Đường dẫn truy cập cổng thông tin,health_fieldservice
Power,Nguồn điện,health_fieldservice
Power Source,Nguồn điện,health_fieldservice
Predicted Complexity,Độ phức tạp dự đoán,health_fieldservice
Predicted Duration (Minutes),Thời lượng dự đoán (Phút),health_fieldservice
Predicted Patient Satisfaction,Sự hài lòng của bệnh nhân dự đoán,health_fieldservice
"Predicted duration: %d min, Complexity: %s, Success rate: %.1f%%","Predicted Thời lượng: %d min, Complexity: %s, Thành công đánh giá: %.1f%%",health_fieldservice
Prefer Clinic Only,Chỉ thích phòng khám,health_fieldservice
Prefer Home Visits,Thích khám tại nhà,health_fieldservice
Preferred End Time,Giờ kết thúc ưa thích,health_fieldservice
Preferred Healthcare Staff,Nhân viên y tế ưa thích,health_fieldservice
Preferred Notification Method,Phương thức thông báo ưa thích,health_fieldservice
Preferred Shift,Ca làm việc ưa thích,health_fieldservice
Preferred Start Time,Giờ bắt đầu ưa thích,health_fieldservice
Preventive Care,Chăm sóc phòng ngừa,health_fieldservice
Primary Doctor,Bác sĩ chính,health_fieldservice
Primary Facility,Cơ sở chính,health_fieldservice
Primary Nurse,Y tá chính,health_fieldservice
Primary assignment (lead staff member),Phân công chính (nhân viên phụ trách),health_fieldservice
Primary nurse responsible for this service,Y tá chính chịu trách nhiệm cho dịch vụ này,health_fieldservice
Primary staff member responsible for this service (computed from assignments),Chính nhân viên member Người phụ trách cho này dịch vụ (computed Từ phân côngs),health_fieldservice
Priority,Mức độ ưu tiên,health_fieldservice
Priority:,Ưu tiên:,health_fieldservice
Product,Sản phẩm,health_fieldservice
Profession<br/>Nghề nghiệp,Nghề nghiệp<br/>Nghề nghiệp,health_fieldservice
Professional License Number,Số chứng chỉ hành nghề,health_fieldservice
Protocol Description,Mô tả giao thức,health_fieldservice
Protocol Information,Giao thức Thông tin,health_fieldservice
Protocol Name,Tên giao thức,health_fieldservice
Protocol Search,Tìm kiếm giao thức,health_fieldservice
Protocol Version,Phiên bản giao thức,health_fieldservice
Protocol for home medication administration,Giao thức quản lý thuốc tại nhà,health_fieldservice
Provide detailed notes about why this booking is being cancelled,Cung cấp ghi chú chi tiết về lý do hủy đặt lịch này,health_fieldservice
Proximity Score,Proximity Điểm,health_fieldservice
Public Transport,Công khai Vận chuyển,health_fieldservice
Purchase Cost,Chi phí mua,health_fieldservice
Purchase Date,Ngày mua,health_fieldservice
Qualifications & Certifications,Bằng cấp & Chứng chỉ,health_fieldservice
Qualified Service Types,Loại dịch vụ đủ điều kiện,health_fieldservice
Quality Assessment,Quality Đánh giá,health_fieldservice
Quick create new assignments,Quick Tạo mới Mới phân côngs,health_fieldservice
Quote,Báo giá,health_fieldservice
Quote & Invoice Status,Báo giá & Hóa đơn Trạng thái,health_fieldservice
Quote Count,Số lượng báo giá,health_fieldservice
Quote Line Count,Số dòng báo giá,health_fieldservice
Quote Number,Số báo giá,health_fieldservice
Quote Status,Trạng thái báo giá,health_fieldservice
"Quote is required for stage ""%s\","Báo giá là Bắt buộc cho giai đoạn ""%s\",health_fieldservice
Quote must exist to move to this stage,Phải có báo giá để chuyển sang giai đoạn này,health_fieldservice
Quote must have items to move to this stage,Báo giá phải có hạng mục để chuyển sang giai đoạn này,health_fieldservice
"Quote with items is required for stage ""%s\","Báo giá với items là Bắt buộc cho giai đoạn ""%s\",health_fieldservice
Quotes for %s,Quotes cho %s,health_fieldservice
Radius (KM),Bán kính (KM),health_fieldservice
Ratings,Đánh giá,health_fieldservice
Read By,Đọc bởi,health_fieldservice
Read Date,Ngày đọc,health_fieldservice
Ready for Service,Sẵn sàng phục vụ,health_fieldservice
Real-time Communication,Giao tiếp thời gian thực,health_fieldservice
Real-time GPS coordinates,Tọa độ GPS thời gian thực,health_fieldservice
Real-time Status,Trạng thái thời gian thực,health_fieldservice
Real-time assignment status for mobile tracking,Trạng thái phân công thời gian thực để theo dõi trên di động,health_fieldservice
"Real-time communications between field staff, dispatchers, and supervisors.
                Stay connected during field service operations with instant messaging and status updates.","Real-Giờ communications giữa trường nhân viên, dispatchers, và supervisors.
                Stay connected during trường dịch vụ vận hành với instant messaging và Trạng thái cập nhậts.",health_fieldservice
Recently Joined,Recently Tham giaed,health_fieldservice
Recipient Role,Vai trò người nhận,health_fieldservice
Recipients,Người nhận,health_fieldservice
Recipients & Response,Người nhận & Phản hồi,health_fieldservice
Recommended Departure Time,Giờ khởi hành đề xuất,health_fieldservice
Record vital signs...,Bản ghi sinh hiệu signs...,health_fieldservice
Recorded vital signs during service,Dấu hiệu sinh tồn được ghi lại trong quá trình dịch vụ,health_fieldservice
Refresh,Làm mới,health_fieldservice
Refunded,Đã hoàn tiền,health_fieldservice
"Regulatory Approval (e.g., FDA, CE)","Phê duyệt quy định (vd: FDA, CE)",health_fieldservice
Rehabilitation,Phục hồi chức năng,health_fieldservice
Related Field Service Order,Đơn dịch vụ hiện trường liên quan,health_fieldservice
Related State,Trạng thái liên quan,health_fieldservice
Remaining Capacity,Dung lượng còn lại,health_fieldservice
Reminders Sent,Đã gửi nhắc nhở,health_fieldservice
Repair,Sửa chữa,health_fieldservice
Reply To,Trả lời,health_fieldservice
Require Patient Contact,Yêu cầu liên hệ bệnh nhân,health_fieldservice
Require Quote,Yêu cầu báo giá,health_fieldservice
Require Quote Items,Yêu cầu hạng mục báo giá,health_fieldservice
Require Staff Assignment,Yêu cầu phân công nhân viên,health_fieldservice
Required Equipment,Thiết bị bắt buộc,health_fieldservice
Required Skills,Kỹ năng bắt buộc,health_fieldservice
Required Skills (JSON),Kỹ năng bắt buộc (JSON),health_fieldservice
Required Skills Match %,Độ khớp kỹ năng bắt buộc %,health_fieldservice
Required Staff Qualifications,Bằng cấp nhân viên bắt buộc,health_fieldservice
Required Supplies,Vật tư bắt buộc,health_fieldservice
Required buffer time after,Thời gian đệm bắt buộc sau,health_fieldservice
Required buffer time before,Thời gian đệm bắt buộc trước,health_fieldservice
Required for Services,Bắt buộc cho dịch vụ,health_fieldservice
"Requirements (quotes, staff, etc.)","Yêu cầus (quotes, nhân viên, etc.)",health_fieldservice
Requires Certification,Yêu cầu chứng chỉ,health_fieldservice
Requires Ministry of Health submission,Yêu cầu nộp lên Bộ Y tế,health_fieldservice
Requires Response,Yêu cầu phản hồi,health_fieldservice
Reschedule Assignment,Sắp xếp lại phân công,health_fieldservice
Reschedule Booking,Sắp xếp lại đặt lịch,health_fieldservice
Response Deadline,Hạn phản hồi,health_fieldservice
Response Received,Đã nhận phản hồi,health_fieldservice
Response Time (minutes),Thời gian phản hồi (phút),health_fieldservice
Responses,Phản hồi,health_fieldservice
Responsible User,Người chịu trách nhiệm,health_fieldservice
Retired,Đã nghỉ hưu,health_fieldservice
Returning,Đang quay lại,health_fieldservice
Review Quote - Create Invoice,Xem xét báo giá - Tạo hóa đơn,health_fieldservice
Role of this staff member in the service delivery,Vai trò của nhân viên này trong việc cung cấp dịch vụ,health_fieldservice
Route Efficiency %,Hiệu quả lộ trình %,health_fieldservice
Route Efficiency Score,Điểm hiệu quả lộ trình,health_fieldservice
Route Optimization,Tối ưu hóa lộ trình,health_fieldservice
Route optimization feature will be available with GPS integration.,Route optimization feature sẽ là có sẵn với GPS integration.,health_fieldservice
Routine,Thường quy,health_fieldservice
Routine Maintenance,Bảo trì định kỳ,health_fieldservice
Run comprehensive daily assignment optimization across all assignments,Run comprehensive hàng ngày phân công optimization ngang qua Tất cả phân côngs,health_fieldservice
SMS,SMS,health_fieldservice
SMS Delivery error,Lỗi gửi SMS,health_fieldservice
SMS Only,Chỉ SMS,health_fieldservice
Safety & Compliance,An toàn & Tuân thủ,health_fieldservice
Safety Equipment,Thiết bị an toàn,health_fieldservice
Safety Incident,Sự cố an toàn,health_fieldservice
Safety Requirements,Yêu cầu an toàn,health_fieldservice
Sales Approved By,Người duyệt (Kinh doanh),health_fieldservice
Sales Approved Date,Ngày duyệt (Kinh doanh),health_fieldservice
Sales Order,Đơn bán hàng,health_fieldservice
Sales Review,Kinh doanh xem xét,health_fieldservice
Sample Action Steps,Các bước hành động mẫu,health_fieldservice
Saturday Hours,Giờ làm việc thứ Bảy,health_fieldservice
Save quote and return to Booking,Lưu báo giá và quay lại Đặt lịch,health_fieldservice
Schedule Change,Thay đổi lịch trình,health_fieldservice
Schedule Details,Lịch trình Chi tiết,health_fieldservice
Schedule Maintenance,Lên lịch bảo trì,health_fieldservice
Scheduled Date,Ngày dự kiến,health_fieldservice
Scheduled Date & Time,Ngày & Giờ dự kiến,health_fieldservice
Scheduled Month,Tháng dự kiến,health_fieldservice
Scheduled Time,Giờ dự kiến,health_fieldservice
Scheduling & Staff,Scheduling & Nhân viên,health_fieldservice
Search AI Assignment Analysis,Tìm kiếm phân tích phân công AI,health_fieldservice
Seconds,Giây,health_fieldservice
Security Token,Mã bảo mật,health_fieldservice
Select doctor (optional)...,Chọn bác sĩ (tùy chọn)...,health_fieldservice
Select healthcare staff members (nurses) to assign to this service,Chọn Y tế nhân viên members (y tás) Đến phân công Đến này dịch vụ,health_fieldservice
Select lead nurse...,Chọn y tá trưởng...,health_fieldservice
Select nurses/staff members...,Chọn y tá/nhân viên...,health_fieldservice
Select the reason for cancellation,Chọn việc lý do cho việc hủy bỏ,health_fieldservice
Send to all users with this role,Gửi Đến Tất cả người dùngs với này vai trò,health_fieldservice
Sender,Người gửi,health_fieldservice
Senior,Cao cấp,health_fieldservice
Serial Number,Số sê-ri,health_fieldservice
Service Address,Địa chỉ dịch vụ,health_fieldservice
Service Area,Khu vực dịch vụ,health_fieldservice
Service Areas,Các khu vực dịch vụ,health_fieldservice
Service Booking Status Update,Cập nhật trạng thái đặt lịch dịch vụ,health_fieldservice
Service Booking Update - {{ object.name }},Dịch vụ Đặt lịch Cập nhật - {{ object.tên }},health_fieldservice
Service Category,Danh mục dịch vụ,health_fieldservice
Service Complete,Dịch vụ hoàn thành,health_fieldservice
Service Completed,Dịch vụ đã hoàn thành,health_fieldservice
Service Completion Report,Báo cáo hoàn thành dịch vụ,health_fieldservice
Service Cost,Chi phí dịch vụ,health_fieldservice
Service Date,Ngày dịch vụ,health_fieldservice
Service Description,Mô tả dịch vụ,health_fieldservice
Service Documents,Tài liệu dịch vụ,health_fieldservice
Service Duration (Minutes),Thời lượng dịch vụ (Phút),health_fieldservice
Service History,Lịch sử dịch vụ,health_fieldservice
Service History Summary,Dịch vụ Lịch sử Tóm tắt,health_fieldservice
Service Information,Dịch vụ Thông tin,health_fieldservice
Service Invoice,Hóa đơn dịch vụ,health_fieldservice
Service Location,Vị trí dịch vụ,health_fieldservice
Service Provider,Nhà cung cấp dịch vụ,health_fieldservice
Service Quality,Dịch vụ Quality,health_fieldservice
Service Rating,Đánh giá dịch vụ,health_fieldservice
Service Requirements,Yêu cầu dịch vụ,health_fieldservice
Service Started,Dịch vụ đã bắt đầu,health_fieldservice
Service Team,Đội dịch vụ,health_fieldservice
Service Type,Loại dịch vụ,health_fieldservice
Service Types,Các loại dịch vụ,health_fieldservice
Service cancelled,Dịch vụ đã hủy,health_fieldservice
"Service completed by part-time staff, awaiting Operations invoice creation","Dịch vụ đã hoàn thành bởi part-Giờ nhân viên, ađang chờ Vận hành Hóa đơn creation",health_fieldservice
Service completed successfully,Dịch vụ hoàn thành thành công,health_fieldservice
Service completed. Operations team has been notified to create the invoice.,Dịch vụ đã hoàn thành. Vận hành đội has been notified Đến Tạo mới the Hóa đơn.,health_fieldservice
Service delivery in progress,Dịch vụ giao hàng trong progress,health_fieldservice
Service in Progress,Dịch vụ đang thực hiện,health_fieldservice
Service marked as completed. Create invoice and process payment when ready.,Dịch vụ marked như là đã hoàn thành. Tạo mới Hóa đơn và Xử lý Thanh toán khi nào ready.,health_fieldservice
Service type is required to create Booking.,Dịch vụ Loại là Bắt buộc Đến Tạo mới Đặt lịch.,health_fieldservice
Service types that require this equipment,Các loại dịch vụ yêu cầu thiết bị này,health_fieldservice
Service types that use this protocol,Các loại dịch vụ sử dụng giao thức này,health_fieldservice
Skill Level,Trình độ kỹ năng,health_fieldservice
Skill Match Score,Điểm khớp kỹ năng,health_fieldservice
Skill Name,Tên kỹ năng,health_fieldservice
Skills & Competencies,Kỹ năng & Năng lực,health_fieldservice
Skills Matrix,Ma trận kỹ năng,health_fieldservice
Skills Matrix Optimization JSON,Tối ưu hóa ma trận kỹ năng (JSON),health_fieldservice
Skills matrix optimization analysis will appear here,Skills matrix optimization Phân tích sẽ appear ở đây,health_fieldservice
Special Requirements,Yêu cầu đặc biệt,health_fieldservice
"Special assignment notes (accessibility, language, etc.)","Ghi chú phân công đặc biệt (tiếp cận, ngôn ngữ, v.v.)",health_fieldservice
"Special notes for staff assignment (accessibility, language preferences, etc.)","Special Ghi chú cho nhân viên phân công (truy cậpibility, Ngôn ngữ Tùy chỉnh, etc.)",health_fieldservice
Special safety considerations for this protocol,Lưu ý an toàn đặc biệt cho giao thức này,health_fieldservice
Specific appointment type with pricing and duration,Loại cuộc hẹn cụ thể với giá và thời lượng,health_fieldservice
"Specific category within type (e.g., 'Blood Pressure Monitor')",Danh mục cụ thể trong loại (vd: 'Máy đo huyết áp'),health_fieldservice
Specific notes for this staff member,Ghi chú cụ thể cho nhân viên này,health_fieldservice
Specific requirements for this service,Yêu cầu cụ thể cho dịch vụ này,health_fieldservice
Specific users to receive this message,Người dùng cụ thể nhận tin nhắn này,health_fieldservice
Specifications,Thông số kỹ thuật,health_fieldservice
Staff,Nhân viên,health_fieldservice
Staff Assigned,Đã phân công nhân viên,health_fieldservice
Staff Assignment Confirmed,Phân công nhân viên đã xác nhận,health_fieldservice
Staff Assignment Record,Bản ghi phân công nhân viên,health_fieldservice
Staff Assignment Search,Tìm kiếm phân công nhân viên,health_fieldservice
Staff Assignment Wizard,Thuật sĩ phân công nhân viên,health_fieldservice
Staff Assignments,Các phân công nhân viên,health_fieldservice
Staff Availability,Sự sẵn sàng của nhân viên,health_fieldservice
Staff Availability Calendar,Lịch sẵn sàng của nhân viên,health_fieldservice
Staff Availability Matrix,Ma trận sẵn sàng của nhân viên,health_fieldservice
Staff Availability Matrix Search,Tìm kiếm ma trận sẵn sàng của nhân viên,health_fieldservice
Staff Code,Mã nhân viên,health_fieldservice
Staff Confirmation Date,Ngày nhân viên xác nhận,health_fieldservice
Staff Confirmed,Nhân viên đã xác nhận,health_fieldservice
Staff Created,Nhân viên đã tạo,health_fieldservice
Staff Current Load %,Tải hiện tại của nhân viên %,health_fieldservice
Staff Current Location,Vị trí hiện tại của nhân viên,health_fieldservice
Staff Experience Factor,Hệ số kinh nghiệm nhân viên,health_fieldservice
Staff Member,Nhân viên,health_fieldservice
Staff Members,Các nhân viên,health_fieldservice
Staff Notified,Đã thông báo nhân viên,health_fieldservice
Staff Origin Location,Vị trí xuất phát của nhân viên,health_fieldservice
Staff Performance Rating,Đánh giá hiệu suất nhân viên,health_fieldservice
Staff Satisfaction Score,Điểm hài lòng của nhân viên,health_fieldservice
Staff Skills Match,Độ khớp kỹ năng nhân viên,health_fieldservice
Staff Workload Dashboard,Bảng điều khiển khối lượng công việc nhân viên,health_fieldservice
Staff Workload Management,Quản lý khối lượng công việc nhân viên,health_fieldservice
Staff arrived at patient location,Nhân viên arrived tại Bệnh nhân Vị trí,health_fieldservice
Staff assigned to the order,Nhân viên được phân công cho đơn hàng,health_fieldservice
Staff assignment functionality requires the health_staff_assignment module to be installed.,Nhân viên phân công functionality requires the health_nhân viên_phân công mô-đun Đến be cài đặted.,health_fieldservice
"Staff assignment is required for stage ""%s\","Nhân viên phân công là Bắt buộc cho giai đoạn ""%s\",health_fieldservice
"Staff assignments are created when appointments are approved.
                Create assignments to manage staff workload and track assignment performance.","Nhân viên phân côngs are Đã tạo khi nào Các cuộc hẹn are phê duyệtd.
                Tạo mới phân côngs Đến manage nhân viên workload và theo dõi phân công perbiểu mẫuance.",health_fieldservice
Staff availability buffer score (0-100),Điểm đệm sẵn sàng của nhân viên (0-100),health_fieldservice
Staff member currently assigned this equipment,Nhân viên hiện đang được giao thiết bị này,health_fieldservice
Staff member is already assigned to this Booking,Nhân viên đã được phân công cho Đặt lịch này,health_fieldservice
Staff member is not available at the requested time.,Nhân viên không rảnh vào thời gian yêu cầu.,health_fieldservice
Staff must be assigned to move to this stage,Phải phân công nhân viên để chuyển sang giai đoạn này,health_fieldservice
Staff starting location,Vị trí bắt đầu của nhân viên,health_fieldservice
Staff starting location coordinates,Tọa độ vị trí bắt đầu của nhân viên,health_fieldservice
Staff successfully assigned. Booking moved to Assigned stage.,Đã phân công nhân viên thành công. Đặt lịch chuyển sang giai đoạn Đã phân công.,health_fieldservice
Staff traveling to patient location,Nhân viên traveling Đến Bệnh nhân Vị trí,health_fieldservice
Staff workload optimization score (0-100),Điểm tối ưu hóa khối lượng công việc nhân viên (0-100),health_fieldservice
Stage,Giai đoạn,health_fieldservice
Stage Name,Tên giai đoạn,health_fieldservice
Stage Requirements,Giai đoạn Yêu cầus,health_fieldservice
Standard Precautions,Phòng ngừa chuẩn,health_fieldservice
Standard protocol for comprehensive vital signs assessment,Giao thức chuẩn để đánh giá toàn diện dấu hiệu sinh tồn,health_fieldservice
Standard protocol for home wound care services,Tiêu chuẩn giao thức cho Trang chủ wound care dịch vụs,health_fieldservice
Standard protocol for phlebotomy services in home visits,Tiêu chuẩn giao thức cho phlebotomy dịch vụs trong Khám tại nhà,health_fieldservice
Start,Bắt đầu,health_fieldservice
Start Assignment,Bắt đầu phân công,health_fieldservice
Start Date & Time,Ngày & Giờ bắt đầu,health_fieldservice
Start Time,Giờ bắt đầu,health_fieldservice
Start the service - only available when staff is assigned,Bắt đầu việc dịch vụ - only có sẵn khi nào nhân viên là phân cônged,health_fieldservice
State,Trạng thái,health_fieldservice
State mapping for backend logic,Tỉnh/Thành mapping cho quay lạiend logic,health_fieldservice
State:,Tỉnh/Thành:,health_fieldservice
Status Last Updated,Trạng thái cập nhật lần cuối,health_fieldservice
Status Update,Cập nhật trạng thái,health_fieldservice
Status Updated By,Trạng thái được cập nhật bởi,health_fieldservice
Structured Vietnamese address,Địa chỉ tiếng Việt có cấu trúc,health_fieldservice
Structured reason for booking cancellation,Lý do hủy đặt lịch có cấu trúc,health_fieldservice
Subject,Chủ đề,health_fieldservice
Subtotal,Thành tiền,health_fieldservice
Success Probability %,Xác suất thành công %,health_fieldservice
Sunday Hours,Giờ làm việc Chủ nhật,health_fieldservice
Supervisor,Giám sát viên,health_fieldservice
Supplies Checklist,Danh sách vật tư,health_fieldservice
Support Staff,Nhân viên hỗ trợ,health_fieldservice
Suspended,Đã đình chỉ,health_fieldservice
Symptoms/Chief Complaint,Triệu chứng/Than phiền chính,health_fieldservice
Symptoms<br/>Triệu chứng,Triệu chứng<br/>Triệu chứng,health_fieldservice
Synced with MISA accounting system,Đã đồng bộ với hệ thống kế toán MISA,health_fieldservice
System Generated,Hệ thống tạo,health_fieldservice
Team,Đội,health_fieldservice
Team Efficiency %,Hiệu quả đội %,health_fieldservice
Team Equipment,Thiết bị đội,health_fieldservice
Team Leader,Đội trưởng,health_fieldservice
Team Members,Thành viên đội,health_fieldservice
Team Name,Tên đội,health_fieldservice
Team responsible for this service,Đội chịu trách nhiệm cho dịch vụ này,health_fieldservice
Team that currently has this equipment,Đội hiện đang giữ thiết bị này,health_fieldservice
Technical,Kỹ thuật,health_fieldservice
Technician Name,Tên kỹ thuật viên,health_fieldservice
Telemedicine,Khám từ xa,health_fieldservice
Telemedicine/Online,Khám từ xa/Trực tuyến,health_fieldservice
Template for required documentation,Mẫu tài liệu bắt buộc,health_fieldservice
Tentative,Dự kiến,health_fieldservice
Terminated,Đã chấm dứt,health_fieldservice
"The AI Assignment Engine uses machine learning to optimize staff assignments,
                improve efficiency, and balance workloads. Train the AI model with historical
                data to get intelligent assignment suggestions.","The AI Phân côngment Engine uses machine learning Đến optimize nhân viên phân côngs,
                improve efficiency, và balance workloads. Train the AI mô hình với historical
                data Đến get intelligent phân công suggestions.",health_fieldservice
The booking order (FSO) will be automatically filled in,Việc đặt lịch thứ tự (FSO) sẽ là automatically filled trong,health_fieldservice
Therapeutic Equipment,Thiết bị trị liệu,health_fieldservice
Therapists,Kỹ thuật viên trị liệu,health_fieldservice
Therapy,Trị liệu,health_fieldservice
This Quarter,Quý này,health_fieldservice
This Week,Tuần này,health_fieldservice
"This is your command center for managing Field Service Orders and staff assignments.
                Drag and drop FSOs between workflow stages, assign staff manually or with AI,
                and track service delivery in real-time.","Này là của bạn command giữa cho managing Trường Dịch vụ Thứ tựs và nhân viên phân côngs.
                Kéo và thả FSOs giữa workflow giai đoạns, phân công nhân viên manually hoặc với AI,
                và theo dõi dịch vụ giao hàng trong real-Giờ.",health_fieldservice
This stage is used as default for new Bookings,Giai đoạn này được dùng làm mặc định cho Đặt lịch mới,health_fieldservice
Thursday Hours,Giờ làm việc thứ Năm,health_fieldservice
Time Variance (Minutes),Chênh lệch thời gian (Phút),health_fieldservice
Time in 24-hour format,Giờ định dạng 24h,health_fieldservice
"Time in 24-hour format (e.g., 14.5 for 2:30 PM)",Giờ định dạng 24h (vd: 14.5 là 2:30 chiều),health_fieldservice
"Time in 24-hour format (e.g., 9.5 for 9:30 AM)",Giờ định dạng 24h (vd: 9.5 là 9:30 sáng),health_fieldservice
Time values must be between 0 and 24.,Giá trị thời gian phải từ 0 đến 24.,health_fieldservice
Timeline,Dòng thời gian,health_fieldservice
Timeline View,Xem dòng thời gian,health_fieldservice
Timer Active,Bộ đếm giờ đang chạy,health_fieldservice
Total Appointments,Tổng số cuộc hẹn,health_fieldservice
Total Assignments,Tổng số phân công,health_fieldservice
Total Price,Tổng giá,health_fieldservice
Total Records / Tổng số bản ghi:,Tổng cộng Bản ghis / Tổng số bản ghi:,health_fieldservice
Total Usage Hours,Tổng giờ sử dụng,health_fieldservice
Tracking & Timeline,Theo dõi & Dòng thời gian,health_fieldservice
Traffic Factor,Hệ số giao thông,health_fieldservice
Traffic multiplier for travel time,Hệ số giao thông cho thời gian di chuyển,health_fieldservice
Train the machine learning model with historical assignment data,Train việc machine learning mô hình với historical phân công data,health_fieldservice
Trainee,Thực tập sinh,health_fieldservice
Training Data Points,Điểm dữ liệu đào tạo,health_fieldservice
Transportation,Vận chuyển,health_fieldservice
Travel Charge,Phí di chuyển,health_fieldservice
Travel Distance (km),Quãng đường di chuyển (km),health_fieldservice
Travel Fee,Phí đi lại,health_fieldservice
Travel Optimization Score,Điểm tối ưu hóa di chuyển,health_fieldservice
Travel Planning,Travel Kế hoạch,health_fieldservice
Travel Radius (KM),Bán kính di chuyển (KM),health_fieldservice
Travel Time,Thời gian di chuyển,health_fieldservice
Travel Time (Minutes),Thời gian di chuyển (Phút),health_fieldservice
Travel Time from Previous (Hours),Thời gian di chuyển từ điểm trước (Giờ),health_fieldservice
Travel Time to Next (Hours),Thời gian di chuyển đến điểm sau (Giờ),health_fieldservice
Travel Times,Travel Giờs,health_fieldservice
Travel time from previous appointment location,Thời gian di chuyển từ địa điểm cuộc hẹn trước,health_fieldservice
Travel time to next appointment location,Thời gian di chuyển đến địa điểm cuộc hẹn sau,health_fieldservice
Treatment Details,Điều trị Chi tiết,health_fieldservice
Treatment Performed,Điều trị đã thực hiện,health_fieldservice
Treatment<br/>Phương pháp điều trị,Điều trị<br/>Phương pháp điều trị,health_fieldservice
Treatment<br/>Điều trị,Điều trị<br/>Điều trị,health_fieldservice
True if clinical notes have been entered,Đúng nếu ghi chú lâm sàng đã được nhập,health_fieldservice
True if invoice has been created and submitted,Đúng nếu hóa đơn đã được tạo và gửi,health_fieldservice
Tuesday Hours,Giờ làm việc thứ Ba,health_fieldservice
Type of appointment/service,Loại cuộc hẹn/dịch vụ,health_fieldservice
Type of healthcare service requested,Loại dịch vụ y tế được yêu cầu,health_fieldservice
Type of the exception activity on record.,Loại hoạt động ngoại lệ trên bản ghi.,health_fieldservice
Types of healthcare services this team can provide,Các loại dịch vụ y tế đội này có thể cung cấp,health_fieldservice
Types of services this staff can provide,Các loại dịch vụ nhân viên này có thể cung cấp,health_fieldservice
Unable to generate AI predictions. Please ensure appointment details are complete.,Unable Đến geneđánh giá AI predictions. Vui lòng ensure Cuộc hẹn Chi tiết are Hoàn thành.,health_fieldservice
Unassigned - Drag to assign in timeline view,Unphân cônged - Kéo Đến phân công trong Dòng thời gian Xem,health_fieldservice
Unavailable,Không có sẵn,health_fieldservice
Under Maintenance,Đang bảo trì,health_fieldservice
Under Repair,Đang sửa chữa,health_fieldservice
Unique booking reference number,Mã tham chiếu đặt lịch duy nhất,health_fieldservice
Unit Price,Đơn giá,health_fieldservice
Unread,Chưa đọc,health_fieldservice
UoM,ĐVT,health_fieldservice
Update the scheduled date/time for this service (optional),Cập nhật việc đã lên lịch Ngày/Giờ cho này dịch vụ (Tùy chọn),health_fieldservice
Upgrade/Modification,Nâng cấp/Sửa đổi,health_fieldservice
Urgency Charge,Phí khẩn cấp,health_fieldservice
Urgency Score,Điểm khẩn cấp,health_fieldservice
Urgent,Khẩn cấp,health_fieldservice
Urgent Request,Yêu cầu khẩn cấp,health_fieldservice
Usage Count,Số lần sử dụng,health_fieldservice
Use AI to optimize this assignment with the best staff recommendations,Sử dụng AI để tối ưu hóa phân công này với các gợi ý nhân viên tốt nhất,health_fieldservice
Use the calendar view to visually manage staff assignments. You can:,Sử dụng chế độ xem lịch để quản lý phân công nhân viên trực quan. Bạn có thể:,health_fieldservice
"Use the professional timeline view to manage staff assignments with drag &amp; drop functionality.
                Group by staff members and easily reschedule assignments by dragging them to new time slots.","Use the chuyên nghiệp Dòng thời gian Xem Đến manage nhân viên phân côngs với kéo &amp; thả functionality.
                Nhóm theo nhân viên members và easily relịch trình phân côngs bởi kéoging them Đến Mới Giờ slots.",health_fieldservice
User who cancelled the booking,Người dùng đã hủy đặt lịch,health_fieldservice
Vaccination,Tiêm chủng,health_fieldservice
Video consultation link,Liên kết tư vấn video,health_fieldservice
Vietnam-Australia Family Health Service Company Limited (VAFHS),Công ty TNHH Dịch vụ Y tế Gia đình Việt-Úc (VAFHS),health_fieldservice
Vietnamese Address Components,Thành phần địa chỉ tiếng Việt,health_fieldservice
View Assignments,Xem phân công,health_fieldservice
"View assignments by day, week, or month","Xem phân côngs bởi ngày, tuần, hoặc tháng",health_fieldservice
View staff assignments,Xem nhân viên phân côngs,health_fieldservice
Visit Address,Địa chỉ khám,health_fieldservice
Visual Assignment Scheduler,Lịch phân công trực quan,health_fieldservice
Visual Scheduler,Lịch trực quan,health_fieldservice
Visual Settings,Visual Cài đặt,health_fieldservice
Visual settings for kanban view,Cài đặt hiển thị cho chế độ xem kanban,health_fieldservice
Visual stage for kanban and user interface,Giai đoạn hiển thị cho kanban và giao diện người dùng,health_fieldservice
Vital Signs,Dấu hiệu sinh tồn,health_fieldservice
Walk-in,Vãng lai,health_fieldservice
Web Portal,Cổng thông tin web,health_fieldservice
Website Booking,Đặt lịch qua Trang web,health_fieldservice
Website Messages,Tin nhắn Trang web,health_fieldservice
Wednesday Hours,Giờ làm việc thứ Tư,health_fieldservice
Weekdays Only,Chỉ ngày thường,health_fieldservice
Weekends Only,Chỉ cuối tuần,health_fieldservice
Weekly Assignments,Phân công hàng tuần,health_fieldservice
Weight (kg),Cân nặng (kg),health_fieldservice
Weight factor for assignment scoring (0.1 - 2.0),Hệ số trọng số cho tính điểm phân công (0.1 - 2.0),health_fieldservice
Weight must be between 0.1 and 2.0,Trọng số phải nằm trong khoảng 0.1 đến 2.0,health_fieldservice
Welcome to the FSO Assignment Dashboard!,Chào mừng đến với Bảng điều khiển Phân công FSO!,health_fieldservice
Welcome to the Visual Assignment Scheduler!,Chào mừng đến với Lịch phân công trực quan!,health_fieldservice
Wellness Check,Kiểm tra sức khỏe,health_fieldservice
When AI optimization was last applied,Khi nào AI optimization was last applied,health_fieldservice
When staff were assigned,Khi nhân viên được phân công,health_fieldservice
When the appointment ends,Khi cuộc hẹn kết thúc,health_fieldservice
When the appointment starts,Khi cuộc hẹn bắt đầu,health_fieldservice
When the service is scheduled to be performed,Khi dịch vụ được lên lịch thực hiện,health_fieldservice
When this staff member actually finished,Khi nhân viên này thực tế hoàn thành,health_fieldservice
When this staff member actually started,Khi nhân viên này thực tế bắt đầu,health_fieldservice
When this staff member should finish,Khi nào này nhân viên member should hoàn tất,health_fieldservice
When this staff member should start,Khi nào này nhân viên member should bắt đầu,health_fieldservice
Whether Bookings in this stage can be edited,Liệu Đặt lịch ở giai đoạn này có thể chỉnh sửa không,health_fieldservice
Whether ML optimization has been applied,Whether ML optimization có been applied,health_fieldservice
Whether all required equipment has been assigned,Liệu tất cả thiết bị bắt buộc đã được giao chưa,health_fieldservice
Workload Analysis,Phân tích khối lượng công việc,health_fieldservice
Workload Balance Analysis JSON,Phân tích cân bằng khối lượng công việc (JSON),health_fieldservice
Workload Balance Score,Điểm cân bằng khối lượng công việc,health_fieldservice
Workload Optimization Score,Điểm tối ưu hóa khối lượng công việc,health_fieldservice
Workload balance analysis will appear here,Workload balance Phân tích sẽ appear ở đây,health_fieldservice
Years of Experience,Số năm kinh nghiệm,health_fieldservice
Zoom,Zoom,health_fieldservice
_______________________,_______________________,health_fieldservice
client,khách hàng,health_fieldservice
client condition after service,tình trạng khách hàng sau dịch vụ,health_fieldservice
client condition before service,tình trạng khách hàng trước dịch vụ,health_fieldservice
client contact must be confirmed to move to this stage,liên hệ khách hàng phải được xác nhận để chuyển sang giai đoạn này,health_fieldservice
client has been contacted about this service,khách hàng đã được liên hệ về dịch vụ này,health_fieldservice
client has been contacted and confirmed the appointment,khách hàng đã được liên hệ và xác nhận cuộc hẹn,health_fieldservice
client identifier (auto-generated),định danh khách hàng (tự động tạo),health_fieldservice
client rating of service quality,đánh giá của khách hàng về chất lượng dịch vụ,health_fieldservice
client receiving the healthcare service,khách hàng nhận dịch vụ y tế,health_fieldservice
client's preferred healthcare professional,chuyên gia y tế ưa thích của khách hàng,health_fieldservice
client's reported symptoms or reason for visit,triệu chứng hoặc lý do khám do khách hàng báo,health_fieldservice
client),Khách hàng),health_fieldservice
clients can book with this staff,Khách hàng có thể book với này nhân viên,health_fieldservice
display_name,display_tên,health_fieldservice
hours,giờs,health_fieldservice
min),min),health_fieldservice
"{""steps"": [{""step"": 1, ""action"": ""Description"", ""required"": true, ""time_minutes"": 2}]}","{""steps"": [{""step"": 1, ""hành động"": ""Mô tả"", ""Bắt buộc"": Đúng, ""giờ_phúts"": 2}]}",health_fieldservice
↩️ Reply,↩️ Trả lời,health_fieldservice
▶️ Start Service,▶️ Bắt đầu Dịch vụ,health_fieldservice
⚡ Optimize Daily Assignments,⚡ Optimize Hàng ngày Phân côngments,health_fieldservice
✅ <strong>Booking Closed:</strong> Cash collected by Operations Manager. Booking moved to Closed stage.,✅ <strong>Đặt lịch Đóngd:</strong> Tiền mặt collected bởi Vận hành Quản lý. Đặt lịch di chuyểnd Đến Đóngd giai đoạn.,health_fieldservice
✅ <strong>Booking Confirmed:</strong> Booking moved to %s stage. Quote %s is ready for service delivery.,✅ <strong>Đặt lịch Đã xác nhận:</strong> Đặt lịch di chuyểnd Đến %s giai đoạn. Quote %s là ready cho dịch vụ giao hàng.,health_fieldservice
✅ Confirm Booking,✅ Xác nhận Đặt lịch,health_fieldservice
✓ Mark Read,✓ Đánh dấu đã đọc,health_fieldservice
❌ Cancel Booking,❌ Hủy Đặt lịch,health_fieldservice
⬆️ Escalate,⬆️ Leo thang,health_fieldservice
__ AI Assignment Intelligence,🎯 AI Phân công Intelligence,health_fieldservice
__ Generate Optimal Assignments,🎯 Geneđánh giá Optimal Phân côngments,health_fieldservice
__️ Preview Steps,👁️ Pđánh giá Steps,health_fieldservice
__ Manual Staff Assignment,👥 Thủ công Nhân viên Phân công,health_fieldservice
__ Consider asking Operations Manager to create a quote for this FSO.,💡 Consider asking Vận hành Quản lý Đến Tạo mới a quote cho này FSO.,health_fieldservice
__ Optimization recommendations and insights will appear here after AI analysis.,💡 Optimization recommendations và insights will appear ở đây after AI Phân tích.,health_fieldservice
__ AI-generated staff suggestions will appear here after optimization. Click 'Apply AI Optimization' to get recommendations.,💭 AI-geneđánh giád nhân viên suggestions will appear ở đây after optimization. Nhấn 'Áp dụng AI Optimization' Đến get recommendations.,health_fieldservice
__ Create Invoice,💰 Tạo mới Hóa đơn,health_fieldservice
__ Save & Return to Booking,💾 Lưu & Return Đến Đặt lịch,health_fieldservice
__ Close Booking,📁 Đóng Đặt lịch,health_fieldservice
__ AI Predictions Updated,📊 AI Predictions Cập nhậtd,health_fieldservice
__ AI predictions updated successfully!<br/>Predicted Duration: <strong>%d minutes</strong><br/>Complexity Level: <strong>%s</strong><br/>Success Probability: <strong>%.1f%%</strong><br/>Optimization Suggestions: <strong>%d recommendations</strong>,📊 AI predictions cập nhậtd thành côngfully!<br/>Predicted Thời lượng: <strong>%d phúts</strong><br/>Complexity Mức độ: <strong>%s</strong><br/>Thành công Xác suất: <strong>%.1f%%</strong><br/>Optimization Suggestions: <strong>%d recommendations</strong>,health_fieldservice
__ Get AI Predictions,📊 Lấy AI Predictions,health_fieldservice
__ Update AI Predictions,📊 Cập nhật AI Predictions,health_fieldservice
"📋 <strong>Quote Required:</strong> This booking needs a healthcare quote before it can be confirmed. Use the ""Create Quote"" smart button to add services and pricing.","📋 <strong>Quote Bắt buộc:</strong> Này đặt lịch nhu cầus a Y tế quote trước it can be Đã xác nhận. Use the ""Tạo mới Quote"" smart nút Đến Thêm dịch vụs và pricing.",health_fieldservice
"📋 An empty healthcare quote has been created for this FSO.
⚠️ Please add at least one service or product to the quote by clicking the ""Quote"" smart button.","📋 An Trống Y tế quote has been Đã tạo cho này FSO.
⚠️ Vui lòng Thêm tại ít nhất one dịch vụ hoặc sản phẩm Đến the quote bởi nhấning the ""Quote"" smart nút.",health_fieldservice
__ Duplicate Protocol,📋 Nhân bản Giao thức,health_fieldservice
__ ML Optimization Status,🔧 ML Optimization Trạng thái,health_fieldservice
__ AI Assign Staff,🚀 AI Phân công Nhân viên,health_fieldservice
__ AI Insights,🤖 Phân tích AI,health_fieldservice
__ AI Optimization Applied,🤖 Đã áp dụng tối ưu AI,health_fieldservice
__ AI optimization applied successfully!<br/>Recommended staff: <strong>%s</strong><br/>AI Score: <strong>%.1f%%</strong><br/>Confidence: <strong>%.1f%%</strong><br/>Skills Match: <strong>%.1f%%</strong>,🤖 AI optimization applied thành côngfully!<br/>Recommended nhân viên: <strong>%s</strong><br/>AI Điểm: <strong>%.1f%%</strong><br/>Confidence: <strong>%.1f%%</strong><br/>Skills Match: <strong>%.1f%%</strong>,health_fieldservice
__ Apply AI Optimization,🤖 Áp dụng AI Optimization,health_fieldservice
__ Train AI Model,🧠 Train AI Mô hình,health_fieldservice
No Zalo Integration,Chưa tích hợp Zalo,health_zalo
This contact does not have a Zalo User ID configured. Please link their Zalo account first.,Liên hệ này chưa có ID Zalo. Vui lòng liên kết tài khoản Zalo trước.,health_zalo
This contact does not have a Zalo User ID. Please link their Zalo account first.,Liên hệ này chưa có ID Zalo. Vui lòng liên kết tài khoản Zalo trước.,health_zalo
Please enter a message to send.,Vui lòng nhập tin nhắn để gửi.,health_zalo
Message Sent,Tin nhắn đã gửi,health_zalo
Zalo message sent successfully to %s,Đã gửi tin nhắn Zalo thành công đến %s,health_zalo
Failed to send Zalo message: %s,Không thể gửi tin nhắn Zalo: %s,health_zalo
Please enter a name for the new contact.,Vui lòng nhập tên cho liên hệ mới.,health_zalo
Created new contact and linked to Zalo conversation: %s,Đã tạo liên hệ mới và liên kết với cuộc trò chuyện Zalo: %s,health_zalo
Please select a contact to link.,Vui lòng chọn liên hệ để liên kết.,health_zalo
Linked Zalo conversation to contact: %s,Đã liên kết cuộc trò chuyện Zalo với liên hệ: %s,health_zalo
Success,Thành công,health_zalo
Zalo Conversations,Cuộc trò chuyện Zalo,health_zalo
Send Zalo Notification,Gửi thông báo Zalo,health_zalo
Only outgoing messages can be sent,Chỉ có thể gửi tin nhắn đi,health_zalo
Message has already been sent,Tin nhắn đã được gửi,health_zalo
No image attachment found,Không tìm thấy hình ảnh đính kèm,health_zalo
Message type %s not yet implemented,Loại tin nhắn %s chưa được hỗ trợ,health_zalo
Failed to send message: %s,Không thể gửi tin nhắn: %s,health_zalo
Only failed messages can be retried,Chỉ tin nhắn thất bại mới có thể gửi lại,health_zalo
This contact does not have a Zalo User ID configured.,Liên hệ này chưa có ID Zalo.,health_zalo
Link Zalo User,Liên kết người dùng Zalo,health_zalo
Please configure App ID and App Secret first.,Vui lòng cấu hình App ID và App Secret trước.,health_zalo
Failed to exchange authorization code for token: %s,Không thể đổi mã ủy quyền lấy token: %s,health_zalo
No refresh token available. Please reconnect to Zalo.,Không có refresh token. Vui lòng kết nối lại Zalo.,health_zalo
Access token refreshed successfully,Đã làm mới access token thành công,health_zalo
Failed to refresh token: %s,Không thể làm mới token: %s,health_zalo
Disconnected,Ngắt kết nối,health_zalo
Zalo account disconnected successfully,Đã ngắt kết nối tài khoản Zalo thành công,health_zalo
No access token available. Please connect to Zalo first.,Không có access token. Vui lòng kết nối Zalo trước.,health_zalo
Connection Successful,Kết nối thành công,health_zalo
Connected to Zalo OA: %s,Đã kết nối Zalo OA: %s,health_zalo
Failed to fetch OA profile,Không thể tải hồ sơ OA,health_zalo
Connection test failed: %s,Kiểm tra kết nối thất bại: %s,health_zalo
Webhook Enabled,Đã bật Webhook,health_zalo
Webhook URL: %s,URL Webhook: %s,health_zalo
Webhook Disabled,Đã tắt Webhook,health_zalo
Webhook has been disabled,Webhook đã được tắt,health_zalo
Link to Contact,Liên kết với liên hệ,health_zalo
No valid access token available. Please connect to Zalo first.,Không có access token hợp lệ. Vui lòng kết nối Zalo trước.,health_zalo
Zalo API error: %s,Lỗi API Zalo: %s,health_zalo
Failed to connect to Zalo API: %s,Không thể kết nối API Zalo: %s,health_zalo
Link Zalo to Contact,Liên kết Zalo với liên hệ,health_zalo
Zalo User Information,Thông tin người dùng Zalo,health_zalo
Link to Existing Contact,Liên kết với liên hệ hiện có,health_zalo
Create New Contact,Tạo liên hệ mới,health_zalo
Link Contact,Liên kết liên hệ,health_zalo
Recipient,Người nhận,health_zalo
Message Type,Loại tin nhắn,health_zalo
Send Message,Gửi tin nhắn,health_zalo
Zalo Configuration,Cấu hình Zalo,health_zalo
Connect to Zalo,Kết nối với Zalo,health_zalo
Test Connection,Kiểm tra kết nối,health_zalo
Refresh Token,Làm mới Token,health_zalo
Disconnect,Ngắt kết nối,health_zalo
Enable Webhook,Bật Webhook,health_zalo
Disable Webhook,Tắt Webhook,health_zalo
API Information,Thông tin API,health_zalo
Zalo Official Account Credentials,Thông tin xác thực tài khoản Zalo OA,health_zalo
OAuth Status,Trạng thái OAuth,health_zalo
Webhook Configuration,Cấu hình Webhook,health_zalo
OAuth Tokens,Token OAuth,health_zalo
Webhook Settings,Cài đặt Webhook,health_zalo
Zalo Configurations,Cấu hình Zalo,health_zalo
Zalo Chats,Trò chuyện Zalo,health_zalo
Zalo User ID,ID người dùng Zalo,health_zalo
Zalo Integration,Tích hợp Zalo,health_zalo
Zalo Connection,Kết nối Zalo,health_zalo
View Conversations,Xem cuộc trò chuyện,health_zalo
View All Conversations,Xem tất cả cuộc trò chuyện,health_zalo
Conversations,Cuộc trò chuyện,health_zalo
Zalo Settings,Cài đặt Zalo,health_zalo
Zalo Conversation,Cuộc trò chuyện Zalo,health_zalo
Open Chat,Mở trò chuyện,health_zalo
Mark as Read,Đánh dấu đã đọc,health_zalo
Archive,Lưu trữ,health_zalo
Unarchive,Bỏ lưu trữ,health_zalo
Block User,Chặn người dùng,health_zalo
Zalo User,Người dùng Zalo,health_zalo
Linked Records,Bản ghi liên kết,health_zalo
Conversation Info,Thông tin cuộc trò chuyện,health_zalo
Last Message,Tin nhắn cuối,health_zalo
Search Conversations,Tìm kiếm cuộc trò chuyện,health_zalo
Zalo Message,Tin nhắn Zalo,health_zalo
Send,Gửi,health_zalo
Retry,Thử lại,health_zalo
Message Info,Thông tin tin nhắn,health_zalo
Sender/Recipient,Người gửi/Người nhận,health_zalo
Error Info,Thông tin lỗi,health_zalo
Content,Nội dung,health_zalo
Attachments,Tệp đính kèm,health_zalo
Zalo Messages,Tin nhắn Zalo,health_zalo
Search Messages,Tìm kiếm tin nhắn,health_zalo
Incoming,Đến,health_zalo
Outgoing,Đi,health_zalo
Failed,Thất bại,health_zalo
Conversation,Cuộc trò chuyện,health_zalo
Direction,Hướng,health_zalo
Type,Loại,health_zalo
Contact Type,Loại liên hệ,health_zalo
Contact Reason,Lý do liên hệ,health_zalo
%s Dashboard,%s Bảng điều khiển,health_landing
#NAME?,#NAME?,health_landing
- Client Info,#NAME?,health_landing
#NAME?,#NAME?,health_landing
#NAME?,#NAME?,health_landing
#NAME?,#NAME?,health_landing
#NAME?,#NAME?,health_landing
"<i class=""fa fa-clock-o me-1 text-muted""/>
                                                <strong>Scheduled:</strong>","<i class=""fa fa-clock-o me-1 text-muted""/>
                                                <strong>Đã lên lịch:</strong>",health_landing
"<i class=""fa fa-tachometer""/> Dashboard","<i class=""fa fa-tachometer""/> Bảng điều khiển",health_landing
"<i class=""fa fa-user-md me-1 text-muted""/>
                                                <strong>Nurse:</strong>","<i class=""fa fa-user-md me-1 text-muted""/>
                                                <strong>Y tá:</strong>",health_landing
<span>Cash Collection from Nurse</span>,<span>Tiền mặt Collection Từ Y tá</span>,health_landing
<span>Clinical Notes</span>,<span>Lâm sàng Ghi chú</span>,health_landing
<span>Invoice &amp; Quote Details</span>,<span>Hóa đơn &amp; Quote Chi tiết</span>,health_landing
<strong>Cash Collected by Operations Manager</strong><br/>Amount: %s %s<br/>Collected from: %s<br/>Collected by: %s<br/>Date: %s<br/>Notes: %s,<strong>Tiền mặt Collected bởi Vận hành Người quản lý</strong><br/>Số tiền: %s %s<br/>Collected Từ: %s<br/>Collected bởi: %s<br/>Ngày: %s<br/>Ghi chú: %s,health_landing
ASSIGNED,ĐÃ PHÂN CÔNG,health_landing
Active arrows and nodes glow to guide you through the workflow,Đang hoạt động mũi têns và nút glow Đến guide you qua the workflow,health_landing
Actual time when service started,Actual Giờ khi nào dịch vụ bắt đầued,health_landing
Additional notes about cash collection,Bổ sung Ghi chú about Tiền mặt collection,health_landing
Additional notes about cash collection...,Bổ sung Ghi chú about Tiền mặt collection...,health_landing
Additional notes about service packages,Bổ sung Ghi chú about dịch vụ góis,health_landing
Additional notes about service packages...,Bổ sung Ghi chú about dịch vụ góis...,health_landing
Additional notes about the payment,Bổ sung Ghi chú about the Thanh toán,health_landing
Additional notes about the payment...,Bổ sung Ghi chú about the Thanh toán...,health_landing
Age / Gender,Tuổi / Giới tính,health_landing
Amount of cash received from nurse,Số tiền of Tiền mặt nhậnd Từ Y tá,health_landing
Any notes or observations at service start,Bất kỳ Ghi chú hoặc quan sáts tại dịch vụ bắt đầu,health_landing
Any notes or observations at service start...,Bất kỳ Ghi chú hoặc quan sáts tại dịch vụ bắt đầu...,health_landing
Any special instructions or notes for this booking confirmation,Bất kỳ special hướng dẫn hoặc Ghi chú cho này đặt lịch xác nhậnation,health_landing
Any special instructions or notes for this booking confirmation...,Bất kỳ special hướng dẫn hoặc Ghi chú cho này đặt lịch xác nhậnation...,health_landing
Assigned Service Packages,Phân cônged Dịch vụ Góis,health_landing
Associated healthcare quote/sales order for this service,Liên kết Y tế quote/bán hàng thứ tự cho này dịch vụ,health_landing
BOOKED,ĐÃ ĐẶT,health_landing
Back,Quay lại,health_landing
Back to,Quay lại Đến,health_landing
Back to Main Dashboard,Quay lại Đến Main Bảng điều khiển,health_landing
Back to Viet Uc Dashboard,Quay lại Đến Viet Uc Bảng điều khiển,health_landing
Bank Transfer,Chuyển khoản ngân hàng,health_landing
Bank transaction ID or payment reference number,Bank transhành động ID hoặc Thanh toán Tham chiếu Số,health_landing
Base price for the service,Base giá cho the dịch vụ,health_landing
Blinks when Pay Later was selected and payment needs to be received,Bliên kếts khi nào Pay Sau was đã chọn và Thanh toán nhu cầus Đến be nhậnd,health_landing
Blinks when cash payment was collected by nurse and needs OM pickup,Bliên kếts khi nào Tiền mặt Thanh toán was collected bởi Y tá và nhu cầus OM chọnup,health_landing
Blinks when clinical notes are filled but invoice not yet created,Bliên kếts khi nào Lâm sàng Ghi chú are filled but Hóa đơn not yet Đã tạo,health_landing
Blinks when service is in In Progress stage and payment can be deferred,Bliên kếts khi nào dịch vụ là trong Đang thực hiện giai đoạn và Thanh toán can be deferred,health_landing
Blinks when service is in In Progress stage and ready for payment,Bliên kếts khi nào dịch vụ là trong Đang thực hiện giai đoạn và ready cho Thanh toán,health_landing
Blinks when service is in progress or clinical notes not yet filled,Bliên kếts khi nào dịch vụ là trong progress hoặc Lâm sàng Ghi chú not yet filled,health_landing
"Blood pressure, temperature, pulse, etc...","Blood nhấnure, temperature, pulse, etc...",health_landing
Booking confirmed.,Đặt lịch Đã xác nhận.,health_landing
COMPLETED,ĐÃ HOÀN THÀNH,health_landing
Calendar View,Lịch Xem,health_landing
Caregivers (,Người chăm sócs (,health_landing
Cash Amount Received,Tiền mặt Số tiền Nhậnd,health_landing
Cash Collected by Nurse,Tiền mặt Collected bởi Y tá,health_landing
Cash Collection Details,Tiền mặt Collection Chi tiết,health_landing
Cash Received by OM,Tiền mặt Nhậnd bởi OM,health_landing
Cash amount must be greater than zero.,Tiền mặt Số tiền must be greater than zero.,health_landing
Cash has already been received by Operations Manager.,Tiền mặt has already been nhậnd bởi Vận hành Người quản lý.,health_landing
Cash has not been collected from patient yet. Please collect cash from patient first.,Tiền mặt has not been collected Từ Bệnh nhân yet. Vui lòng collect Tiền mặt Từ Bệnh nhân đầu tiên.,health_landing
Click on any section to view details,Nhấn trên bất kỳ phần Đến Xem Chi tiết,health_landing
Client Bookings,Khách hàng Đặt lịchs,health_landing
Client Condition,Khách hàng Tình trạng,health_landing
Client Condition (After),Khách hàng Tình trạng (After),health_landing
Client Condition (Before),Khách hàng Tình trạng (Trước),health_landing
Client Contacted,Khách hàng Đã liên hệ,health_landing
Client Financials,Khách hàng Financials,health_landing
Client Information,Khách hàng Thông tin,health_landing
Client Location,Khách hàng Vị trí,health_landing
Client Present and Verified,Khách hàng Pređã gửi và Verified,health_landing
Client Relationships,Khách hàng Mối quan hệ,health_landing
Clinical Assessment,Lâm sàng Đánh giá,health_landing
Clinical Notes - %s,Lâm sàng Ghi chú - %s,health_landing
Clinical Notes Submitted,Lâm sàng Ghi chú Submitted,health_landing
Clinical notes updated from dashboard,Lâm sàng Ghi chú đã cập nhật Từ Bảng điều khiển,health_landing
Collect Cash from Nurse,Collect Tiền mặt Từ Y tá,health_landing
Collect Cash from Nurse - %s,Collect Tiền mặt Từ Y tá - %s,health_landing
Collected By,Collected Bởi,health_landing
Collection Amount,Collection Số tiền,health_landing
Collection Date & Time,Collection Ngày & Giờ,health_landing
Collection Notes,Collection Ghi chú,health_landing
Confirm Booking,Xác nhận Đặt lịch,health_landing
Confirm Cash Collection,Xác nhận Tiền mặt Collection,health_landing
Confirm Payment,Xác nhận Thanh toán,health_landing
Confirm that all required equipment is ready,Xác nhận đó Tất cả Bắt buộc thiết bị là ready,health_landing
Confirm that assigned staff has been notified,Xác nhận đó phân cônged nhân viên has been notified,health_landing
Confirmation Notes,Xác nhậnation Ghi chú,health_landing
Create Invoice,Tạo mới Hóa đơn,health_landing
Create Quote,Tạo mới Quote,health_landing
Credit/Debit Card,Crchỉnh sửa/Debit Thẻ,health_landing
DRAFT,Nháp,health_landing
Date when payment was received,Ngày khi nào Thanh toán was nhậnd,health_landing
Detailed clinical observations and notes...,Chi tiết Lâm sàng quan sáts và Ghi chú...,health_landing
Detailed description of treatment provided,Chi tiết Mô tả of Điều trị provided,health_landing
Detailed description of treatment provided...,Chi tiết Mô tả of Điều trị provided...,health_landing
Due:,Hạn:,health_landing
Duration (hrs),Thời lượng (hrs),health_landing
Edit Full Details,Chỉnh sửa Đầy đủ Chi tiết,health_landing
Emergency Contacts (,Khẩn cấp Liên hệ (,health_landing
Equipment Checklist Completed,Thiết bị Kiểm tradanh sách Đã hoàn thành,health_landing
Equipment Notes,Thiết bị Ghi chú,health_landing
Equipment Ready,Thiết bị Ready,health_landing
Equipment Requirements,Thiết bị Yêu cầus,health_landing
Equipment items required for this service,Thiết bị items Bắt buộc cho này dịch vụ,health_landing
Equipment updated: %s items - %s,Thiết bị đã cập nhật: %s items - %s,health_landing
Error:,Lỗi:,health_landing
Expires:,Hết hạn:,health_landing
Explore the full range of features available in this module.,Explore the Đầy đủ Phạm vi of features có sẵn trong này mô-đun.,health_landing
FSO Cash Collection Wizard,FSO Tiền mặt Collection Công cụ,health_landing
FSO Clinical Notes Wizard,FSO Lâm sàng Ghi chú Công cụ,health_landing
FSO Confirm Booking Wizard,FSO Xác nhận Đặt lịch Công cụ,health_landing
FSO Equipment Wizard,FSO Thiết bị Công cụ,health_landing
FSO Invoice Wizard,FSO Hóa đơn Công cụ,health_landing
FSO Payment Received Wizard,FSO Thanh toán Nhậnd Công cụ,health_landing
FSO Service Packages Wizard,FSO Dịch vụ Góis Công cụ,health_landing
FSO Staff Assignment Wizard,FSO Nhân viên Phân công Công cụ,health_landing
FSO Start Service Wizard,FSO Bắt đầu Dịch vụ Công cụ,health_landing
Favorites,Yêu thích,health_landing
Financial Summary,Financial Tóm tắt,health_landing
Follow-up instructions and notes...,Theo dõi hướng dẫn và Ghi chú...,health_landing
Has Invoice,Has Hóa đơn,health_landing
Has Quote,Có báo giá,health_landing
Healthcare Dashboard,Y tế Bảng điều khiển,health_landing
Healthcare Field Service Order (Unified Booking System),Y tế Trường Dịch vụ Thứ tự (Unified Đặt lịch Hệ thống),health_landing
Healthcare Quote,Y tế Quote,health_landing
Healthcare Quote - %s,Y tế Quote - %s,health_landing
Healthcare staff assigned to this service,Y tế nhân viên Giao cho này dịch vụ,health_landing
Home,Trang chủ,health_landing
IN PROGRESS,ĐANG THỰC HIỆN,health_landing
Invoice - %s,Hóa đơn - %s,health_landing
Invoice Details,Hóa đơn Chi tiết,health_landing
Invoice Details - %s,Hóa đơn Chi tiết - %s,health_landing
Invoice Submitted,Hóa đơn Submitted,health_landing
Invoice generated for this service order,Hóa đơn genetỷ lệd cho này dịch vụ thứ tự,health_landing
Last Payment:,Last Thanh toán:,health_landing
Loading data...,Đang tải data...,health_landing
Loading patient data...,Đang tải Bệnh nhân data...,health_landing
Loading workflow data...,Đang tải workflow data...,health_landing
Location Map,Vị trí Bản đồ,health_landing
Main staff member responsible for this service,Main nhân viên member Người phụ trách cho này dịch vụ,health_landing
Medical diagnosis...,Y khoa Chẩn đoán...,health_landing
Medications prescribed during service...,Thuốcs prescribed during dịch vụ...,health_landing
Method of payment selected,Phương thức of Thanh toán đã chọn,health_landing
No active packages,Không Đang hoạt động góis,health_landing
No active service packages for this patient.,Không Đang hoạt động dịch vụ góis cho này Bệnh nhân.,health_landing
No bookings found,Không đặt lịchs được tìm thấy,health_landing
No financial data available,Không financial data có sẵn,health_landing
No invoice has been created for this booking yet.,Không Hóa đơn has been Đã tạo cho này đặt lịch yet.,health_landing
No modules found for \,Không mô-đuns được tìm thấy cho \,health_landing
No modules or features found for \,Không mô-đuns hoặc features được tìm thấy cho \,health_landing
No quote has been created for this booking yet.,Không quote has been Đã tạo cho này đặt lịch yet.,health_landing
No relationships found,Không mối quan hệ được tìm thấy,health_landing
Not assigned,Chưa gán,health_landing
Not specified,Chưa xác định,health_landing
Nurse/Staff Who Collected Cash,Y tá/Nhân viên Ai Collected Tiền mặt,health_landing
Open Booking Workflow Dashboard,Mở Đặt lịch Workflow Bảng điều khiển,health_landing
Overdue Invoices,Quá hạn Hóa đơns,health_landing
PRIMARY,CHÍNH,health_landing
Package Notes,Gói Ghi chú,health_landing
Past Bookings,Past Đặt lịchs,health_landing
Past field service orders,Past trường dịch vụ thứ tựs,health_landing
Patient Management,Bệnh nhân Quản lý,health_landing
Patient's reported symptoms or reason for visit...,Bệnh nhân's báo cáoed Triệu chứng hoặc lý do cho Lần khám...,health_landing
Pay Later,Pay Sau,health_landing
Payers (,Người thanh toáns (,health_landing
Payment Amount,Thanh toán Số tiền,health_landing
Payment Date,Thanh toán Ngày,health_landing
Payment Notes,Thanh toán Ghi chú,health_landing
Payment Received,Thanh toán Nhậnd,health_landing
Payment Received Date,Thanh toán Nhậnd Ngày,health_landing
Payment Reference,Thanh toán Tham chiếu,health_landing
Payment amount must be greater than zero.,Thanh toán Số tiền must be greater than zero.,health_landing
Payment received: %s %s on %s. Reference: %s,Thanh toán nhậnd: %s %s trên %s. Tham chiếu: %s,health_landing
Pending Invoices,Đang chờ Hóa đơns,health_landing
Personal Details,Cá nhân Chi tiết,health_landing
Please assign at least one staff member before saving.,Vui lòng phân công tại ít nhất one nhân viên member trước saving.,health_landing
Please confirm that the patient is present and verified before starting the service.,Vui lòng Xác nhận đó the Bệnh nhân là pređã gửi và verified trước bắt đầuing the dịch vụ.,health_landing
Please create a quote first before creating an invoice.,Vui lòng Tạo mới a quote đầu tiên trước creating an Hóa đơn.,health_landing
Pricing,Định giá,health_landing
Primary Staff Member,Chính Nhân viên Member,health_landing
Quick Actions,Quick Hành động,health_landing
Quote Status,Quote Trạng thái,health_landing
Recent Bookings (Last 7 days),Recent Đặt lịchs (Last 7 days),health_landing
Recently Accessed,Recently Truy cậped,health_landing
Recorded vital signs during service,Bản ghied sinh hiệu signs during dịch vụ,health_landing
Required Equipment,Bắt buộc Thiết bị,health_landing
Save,Lưu,health_landing
Save & Close,Lưu & Đóng,health_landing
Scheduled Date & Time,Đã lên lịch Ngày & Giờ,health_landing
Search Bookings,Tìm kiếm Đặt lịchs,health_landing
Search modules and features... (Ctrl+K),Tìm kiếm mô-đuns và features... (Ctrl+K),health_landing
Search modules... (Ctrl+K),Tìm kiếm mô-đuns... (Ctrl+K),health_landing
Select Patient,Chọn Bệnh nhân,health_landing
Service End Time,Dịch vụ End Giờ,health_landing
Service Start Time,Dịch vụ Bắt đầu Giờ,health_landing
Service Timing,Dịch vụ Timing,health_landing
Service packages assigned to this booking,Dịch vụ góis Giao cho này đặt lịch,health_landing
Service packages updated: %s packages assigned,Dịch vụ góis đã cập nhật: %s góis phân cônged,health_landing
"Service started at %s. Patient present: %s, Equipment ready: %s","Dịch vụ bắt đầued tại %s. Bệnh nhân pređã gửi: %s, Thiết bị ready: %s",health_landing
Sessions:,Buổi:,health_landing
Show Assigned Indicator,Hiển thị Phân cônged Indicator,health_landing
Show Booked Indicator,Hiển thị Đã đặt Indicator,health_landing
Show Clinical Notes Arrow,Hiển thị Lâm sàng Ghi chú Mũi tên,health_landing
Show Collect Cash Arrow,Hiển thị Collect Tiền mặt Mũi tên,health_landing
Show Completed Indicator,Hiển thị Đã hoàn thành Indicator,health_landing
Show Draft Indicator,Hiển thị Nháp Indicator,health_landing
Show In Progress Indicator,Hiển thị Đang thực hiện Indicator,health_landing
Show Invoice Arrow,Hiển thị Hóa đơn Mũi tên,health_landing
Show Pay Later Arrow,Hiển thị Pay Sau Mũi tên,health_landing
Show Pay Now Arrow,Hiển thị Pay Bây giờ Mũi tên,health_landing
Show Payment Received Arrow,Hiển thị Thanh toán Nhậnd Mũi tên,health_landing
Special instructions or notes about equipment,Special hướng dẫn hoặc Ghi chú about thiết bị,health_landing
Special instructions or notes about equipment...,Special hướng dẫn hoặc Ghi chú about thiết bị...,health_landing
Special instructions or notes for assigned staff,Special hướng dẫn hoặc Ghi chú cho phân cônged nhân viên,health_landing
Special instructions or notes for assigned staff...,Special hướng dẫn hoặc Ghi chú cho phân cônged nhân viên...,health_landing
Staff Assignment,Nhân viên Phân công,health_landing
Staff Availability Verified,Nhân viên Availability Verified,health_landing
Staff Notified,Nhân viên Notified,health_landing
Staff assigned: %s. Primary: %s,Nhân viên phân cônged: %s. Chính: %s,health_landing
Start Notes,Bắt đầu Ghi chú,health_landing
Start Service,Bắt đầu Dịch vụ,health_landing
Summary,Tóm tắt,health_landing
Symptoms/Chief Complaint,Triệu chứng/Chief Complaint,health_landing
Tip:,Mẹo:,health_landing
Total Amount,Tổng cộng Số tiền,health_landing
Total Pending,Tổng cộng Đang chờ,health_landing
Total Price,Tổng cộng Giá,health_landing
Treatment & Medications,Điều trị & Thuốcs,health_landing
Treatment Performed,Điều trị Perbiểu mẫued,health_landing
True if clinical notes have been entered,Đúng nếu Lâm sàng Ghi chú have been nhậped,health_landing
True if invoice has been created and submitted,Đúng nếu Hóa đơn has been Đã tạo và submitted,health_landing
True when FSO is in Assigned stage,Đúng khi nào FSO là trong Phân cônged giai đoạn,health_landing
True when FSO is in Booked/Confirmed stage,Đúng khi nào FSO là trong Đã đặt/Đã xác nhận giai đoạn,health_landing
True when FSO is in Completed stage,Đúng khi nào FSO là trong Đã hoàn thành giai đoạn,health_landing
True when FSO is in Draft stage,Đúng khi nào FSO là trong Nháp giai đoạn,health_landing
True when FSO is in In Progress stage,Đúng khi nào FSO là trong Đang thực hiện giai đoạn,health_landing
True when Operations Manager has received cash from nurse,Đúng khi nào Vận hành Người quản lý has nhậnd Tiền mặt Từ Y tá,health_landing
Type of healthcare service requested,Loại of Y tế dịch vụ requested,health_landing
Upcoming Bookings,Upcoming Đặt lịchs,health_landing
Upcoming field service orders,Upcoming trường dịch vụ thứ tựs,health_landing
Viet Uc,Viet Uc,health_landing
Viet Uc Dashboard,Viet Uc Bảng điều khiển,health_landing
Viet Uc Healthcare,Viet Uc Y tế,health_landing
Viet Uc Logo,Viet Uc Logo,health_landing
Vietnam-Australia Family Health Service - Comprehensive Healthcare Management,Vietnam-Australia Family Y tế Dịch vụ - Comprehensive Y tế Quản lý,health_landing
Vietnam-Australia Family Health Service - Select a module to continue,Vietnam-Australia Family Y tế Dịch vụ - Chọn a mô-đun Đến continue,health_landing
View All Features,Xem Tất cả Features,health_landing
View Invoice,Xem Hóa đơn,health_landing
View Quote,Xem Quote,health_landing
View client and service details,Xem Khách hàng và dịch vụ Chi tiết,health_landing
Vital Signs,Sinh hiệu Signs,health_landing
When the service is scheduled to be performed,Khi nào the dịch vụ là đã lên lịch Đến be perbiểu mẫued,health_landing
client condition after service,Khách hàng Tình trạng after dịch vụ,health_landing
client condition before service,Khách hàng Tình trạng trước dịch vụ,health_landing
client has been contacted about this booking,Khách hàng has been đã liên hệ về điều này đặt lịch,health_landing
client is present and identity verified,Khách hàng là pređã gửi và danh tính verified,health_landing
client receiving the healthcare service,Khách hàng nhận the Y tế dịch vụ,health_landing
client's reported symptoms or reason for visit,Khách hàng's báo cáoed Triệu chứng hoặc lý do cho Lần khám,health_landing
on,trên,health_landing
remaining,còn lại,health_landing
"services used
                                                <br/>","dịch vụs used
                                                <br/>",health_landing
years /,năms /,health_landing
__ Dashboard,📊 Bảng điều khiển,health_landing
Manage patient records and information,Quản lý hồ sơ và thông tin bệnh nhân,health_landing
View patient hub-and-spoke dashboard,Xem bảng điều khiển hub-and-spoke bệnh nhân,health_landing
Scheduling & Staff,Lịch trình & Nhân viên,health_landing
Staff scheduling and workload management,Quản lý lịch trình và khối lượng công việc nhân viên,health_landing
Assignment Dashboard,Bảng điều khiển phân công,health_landing
View staff assignments,Xem phân công nhân viên,health_landing
Visual Scheduler,Bộ lập lịch trực quan,health_landing
Visual scheduling interface,Giao diện lập lịch trực quan,health_landing
Timeline of assignments,Dòng thời gian phân công,health_landing
Staff Availability,Khả dụng nhân viên,health_landing
Manage staff availability,Quản lý khả dụng nhân viên,health_landing
Monitor staff workload,Giám sát khối lượng công việc nhân viên,health_landing
Healthcare Skills,Kỹ năng y tế,health_landing
Manage staff skills,Quản lý kỹ năng nhân viên,health_landing
Service Areas,Khu vực dịch vụ,health_landing
Configure service areas,Cấu hình khu vực dịch vụ,health_landing
Manage healthcare staff,Quản lý nhân viên y tế,health_landing
Customer relationship management,Quản lý quan hệ khách hàng,health_landing
Leads,Liên hệ,health_landing
Manage potential customers,Quản lý khách hàng tiềm năng,health_landing
CRM Contacts,Liên hệ CRM,health_landing
Track customer interactions,Theo dõi tương tác khách hàng,health_landing
Customers,Khách hàng,health_landing
View all customers,Xem tất cả khách hàng,health_landing
Healthcare Relationships,Mối quan hệ y tế,health_landing
Manage patient relationships,Quản lý mối quan hệ bệnh nhân,health_landing
Field Service,Dịch vụ tại hiện trường,health_landing
Mobile healthcare service management,Quản lý dịch vụ y tế di động,health_landing
Field Service Orders,Đơn dịch vụ tại hiện trường,health_landing
Manage service orders,Quản lý đơn dịch vụ,health_landing
Communications,Truyền thông,health_landing
Real-time team communications,Truyền thông nhóm thời gian thực,health_landing
Track medical equipment,Theo dõi thiết bị y tế,health_landing
Clinical Protocols,Quy trình lâm sàng,health_landing
Clinical guidelines,Hướng dẫn lâm sàng,health_landing
Field Service Teams,Đội ngũ dịch vụ tại hiện trường,health_landing
Manage service teams,Quản lý đội ngũ dịch vụ,health_landing
Manage service packages and products,Quản lý gói dịch vụ và sản phẩm,health_landing
Configure package products,Cấu hình sản phẩm gói,health_landing
Patient Packages,Gói bệnh nhân,health_landing
View patient subscriptions,Xem đăng ký bệnh nhân,health_landing
Advanced Pricelist,Bảng giá nâng cao,health_landing
Dynamic pricing rules and engines,Quy tắc và công cụ định giá linh hoạt,health_landing
Pricing Rules,Quy tắc định giá,health_landing
Manage pricing rules,Quản lý quy tắc định giá,health_landing
Quick Edit Rules,Chỉnh sửa nhanh quy tắc,health_landing
Inline edit pricing rules,Chỉnh sửa nhanh quy tắc định giá,health_landing
Billing & Invoicing,Thanh toán & Hóa đơn,health_landing
Financial management and billing,Quản lý tài chính và thanh toán,health_landing
Service Billing,Thanh toán dịch vụ,health_landing
Create and manage invoices,Tạo và quản lý hóa đơn,health_landing
AR Dashboard,Bảng điều khiển công nợ,health_landing
Overdue Patients,Bệnh nhân quá hạn,health_landing
Track outstanding payments,Theo dõi thanh toán quá hạn,health_landing
View payment history,Xem lịch sử thanh toán,health_landing
Process Payments,Xử lý thanh toán,health_landing
Payment workflow,Quy trình thanh toán,health_landing
Facilities,Cơ sở,health_landing
Healthcare facility management,Quản lý cơ sở y tế,health_landing
Manage facility locations,Quản lý vị trí cơ sở,health_landing
System configuration and settings,Cấu hình và cài đặt hệ thống,health_landing
Patient Categories,Phân loại bệnh nhân,health_landing
Configure patient types,Cấu hình loại bệnh nhân,health_landing
Define service types,Xác định loại dịch vụ,health_landing
Manage specialties,Quản lý chuyên khoa,health_landing
Symptom catalog,Danh mục triệu chứng,health_landing
Track referral sources,Theo dõi nguồn giới thiệu,health_landing
Insurance companies,Công ty bảo hiểm,health_landing
Priority levels,Mức độ ưu tiên,health_landing
Client Info,Thông tin khách hàng,health_landing
Lead details and contact,Chi tiết liên hệ và thông tin,health_landing
Relations,Quan hệ,health_landing
"Caregivers, payers, contacts","Người chăm sóc, người thanh toán, liên hệ",health_landing
Lead acquisition source,Nguồn tiếp nhận liên hệ,health_landing
Internal Notes,Ghi chú nội bộ,health_landing
Notes and requirements,Ghi chú và yêu cầu,health_landing
Map,Bản đồ,health_landing
Address and location,Địa chỉ và vị trí,health_landing
Lead,Liên hệ,health_landing
Lost Booking,Lịch hẹn đã mất,health_landing
Spam Call,Cuộc gọi rác,health_landing
Pending Callback,Chờ gọi lại,health_landing
Pending Follow-up,Chờ theo dõi,health_landing
Service Booked,Đã đặt dịch vụ,health_landing
Interested,Quan tâm,health_landing
Not Interested,Không quan tâm,health_landing
Rejected,Từ chối,health_landing
No Follow-up Required,Không cần theo dõi,health_landing
Lead Information,Thông tin liên hệ,health_landing
Lead Relationships,Mối quan hệ liên hệ,health_landing
Lead Location,Vị trí liên hệ,health_landing
Lead Source,Nguồn liên hệ,health_landing
This contact has been marked as spam,Liên hệ này đã được đánh dấu là rác,health_landing
Spam Marked,Đã đánh dấu rác,health_landing
Failed to mark as spam,Không thể đánh dấu là rác,health_landing
View service packages,Xem gói dịch vụ,health_landing
Healthcare quote,Báo giá y tế,health_landing
Confirm the booking,Xác nhận lịch hẹn,health_landing
Required equipment,Thiết bị yêu cầu,health_landing
Main booking hub,Trung tâm lịch hẹn chính,health_landing
Assign staff to booking,Phân công nhân viên cho lịch hẹn,health_landing
Start the service,Bắt đầu dịch vụ,health_landing
Fill clinical notes,Điền ghi chú lâm sàng,health_landing
Create invoice,Tạo hóa đơn,health_landing
Pay Now,Thanh toán ngay,health_landing
Immediate payment,Thanh toán ngay,health_landing
Defer payment,Thanh toán sau,health_landing
Collect Cash,Thu tiền mặt,health_landing
OM collect cash,Quản lý thu tiền mặt,health_landing
Payment received,Đã nhận thanh toán,health_landing
Payment has already been received for this booking. No further payment actions are needed.,Đã nhận thanh toán cho lịch hẹn này. Không cần thực hiện thêm hành động thanh toán nào.,health_landing
Payment Completed,Thanh toán hoàn tất,health_landing
Please create an invoice before processing payment.,Vui lòng tạo hóa đơn trước khi xử lý thanh toán.,health_landing
Invoice Required,Yêu cầu hóa đơn,health_landing
Payment Collection,Thu tiền thanh toán,health_landing
Patient Bookings,Lịch hẹn bệnh nhân,health_landing
Patient Financials,Tài chính bệnh nhân,health_landing
Patient Relationships,Mối quan hệ bệnh nhân,health_landing
Patient Location,Vị trí bệnh nhân,health_landing
Successfully connected to VoIP24h API,Đã kết nối thành công với API VoIP24h,health_voip24h
Connection Failed,Kết nối thất bại,health_voip24h
Please configure API credentials first,Vui lòng cấu hình thông tin API trước,health_voip24h
Sync Started,Đã bắt đầu đồng bộ,health_voip24h
Call history synchronization has been initiated,Đã bắt đầu đồng bộ lịch sử cuộc gọi,health_voip24h
Sync failed: %s,Đồng bộ thất bại: %s,health_voip24h
Match to Contact,Khớp với liên hệ,health_voip24h
Please match this call to a contact or lead first,Vui lòng khớp cuộc gọi này với liên hệ hoặc cơ hội trước,health_voip24h
Activity Created,Đã tạo hoạt động,health_voip24h
No recording available for this call,Không có bản ghi âm cho cuộc gọi này,health_voip24h
Download Started,Đã bắt đầu tải xuống,health_voip24h
Recording download initiated,Đã bắt đầu tải bản ghi âm,health_voip24h
Download failed: %s,Tải xuống thất bại: %s,health_voip24h
Recording not available,Bản ghi âm không khả dụng,health_voip24h
VoIP is not configured. Please contact your administrator.,VoIP chưa được cấu hình. Vui lòng liên hệ quản trị viên.,health_voip24h
Call functionality is disabled. Please contact your administrator.,Chức năng gọi điện đã tắt. Vui lòng liên hệ quản trị viên.,health_voip24h
Outgoing calls are disabled. Please contact your administrator.,Cuộc gọi đi đã tắt. Vui lòng liên hệ quản trị viên.,health_voip24h
No phone number available for this lead.,Không có số điện thoại cho cơ hội này.,health_voip24h
Call Initiated,Đã bắt đầu cuộc gọi,health_voip24h
Calling %s...,Đang gọi %s...,health_voip24h
"This contact is marked as ""Do Not Call"".","Liên hệ này được đánh dấu ""Không gọi"".",health_voip24h
No phone number available for this contact.,Không có số điện thoại cho liên hệ này.,health_voip24h
Call Logs,Nhật ký cuộc gọi,health_voip24h
Call Log,Nhật ký cuộc gọi,health_voip24h
Match Contact,Khớp liên hệ,health_voip24h
Create Lead,Tạo cơ hội,health_voip24h
Create Activity,Tạo hoạt động,health_voip24h
Play Recording,Phát bản ghi âm,health_voip24h
Call Information,Thông tin cuộc gọi,health_voip24h
Timing,Thời gian,health_voip24h
Phone Numbers,Số điện thoại,health_voip24h
CRM Integration,Tích hợp CRM,health_voip24h
Recording,Bản ghi âm,health_voip24h
Activity,Hoạt động,health_voip24h
Notes &amp; Outcome,Ghi chú & Kết quả,health_voip24h
Recordings,Bản ghi âm,health_voip24h
Play,Phát,health_voip24h
Missed,Nhỡ,health_voip24h
Answered,Đã nghe,health_voip24h
Has Recording,Có bản ghi âm,health_voip24h
Call Type,Loại cuộc gọi,health_voip24h
VoIP24h Configuration,Cấu hình VoIP24h,health_voip24h
Sync Now,Đồng bộ ngay,health_voip24h
API Configuration,Cấu hình API,health_voip24h
Credentials,Thông tin xác thực,health_voip24h
API Settings,Cài đặt API,health_voip24h
Call Functionality,Chức năng gọi điện,health_voip24h
Master Control,Điều khiển chính,health_voip24h
Outgoing Calls,Cuộc gọi đi,health_voip24h
Incoming Calls,Cuộc gọi đến,health_voip24h
Webhooks,Webhook,health_voip24h
Sync Settings,Cài đặt đồng bộ,health_voip24h
VoIP24h Configurations,Cấu hình VoIP24h,health_voip24h
Calls,Cuộc gọi,health_voip24h
VoIP,VoIP,health_voip24h
VoIP Settings,Cài đặt VoIP,health_voip24h
VoIP24h,VoIP24h,health_voip24h
All Calls,Tất cả cuộc gọi,health_voip24h
Missed Calls,Cuộc gọi nhỡ,health_voip24h
Extensions,Máy nhánh,health_voip24h
VoIP Configuration,Cấu hình VoIP,health_voip24h
VoIP Extensions,Máy nhánh VoIP,health_voip24h
Call Recordings,Bản ghi cuộc gọi,health_voip24h
Download,Tải xuống,health_voip24h
No phone number available,Không có số điện thoại,health_voip24h
#NAME?,#NAME?,health_invoicing
"<br/>All discounted line items must have a reason in the ""Discount Reason\ field.","<br/>Tất cả dissố lượnged line items must have a lý do trong the ""Dissố lượng Lý do\ trường.",health_invoicing
"<i class=""fa fa-check-circle""/> 
                        <strong>Compliance Notice:</strong> 
                        This workflow complies with Vietnamese healthcare invoicing regulations and Invoicing.md requirements.","<i class=""fa fa-check-circle""/> 
                        <strong>Tuân thủ Notice:</strong> 
                        Này workflow complies với Tiếng Việt Y tế invoicing regulations và Invoicing.md yêu cầus.",health_invoicing
"<span class=""o_form_label"" invisible=""1"">Package Details:</span>","<span class=""o_form_label"" invisible=""1"">Gói Chi tiết:</span>",health_invoicing
"<span class=""o_form_label"">Service Progress:</span>","<span class=""o_form_label"">Dịch vụ Progress:</span>",health_invoicing
"<span class=""o_stat_text"">Due</span>","<span class=""o_stat_text"">Hạn</span>",health_invoicing
"<span class=""o_stat_text"">Outstanding</span>","<span class=""o_stat_text"">Outstanding</span>",health_invoicing
"<span class=""o_stat_value"">AR Payment</span>
                                <span class=""o_stat_text"">View</span>","<span class=""o_stat_value"">AR Thanh toán</span>
                                <span class=""o_stat_text"">Xem</span>",health_invoicing
"<span class=""o_stat_value"">Invoice</span>
                                <span class=""o_stat_text"">View</span>","<span class=""o_stat_value"">Hóa đơn</span>
                                <span class=""o_stat_text"">Xem</span>",health_invoicing
"<span class=""o_stat_value"">Invoice</span>
                        <span class=""o_stat_text"">View</span>","<span class=""o_stat_value"">Hóa đơn</span>
                        <span class=""o_stat_text"">Xem</span>",health_invoicing
<strong>Cash Collection Process:</strong>,<strong>Tiền mặt Collection Xử lý:</strong>,health_invoicing
<strong>Package Service Integration:</strong>,<strong>Gói Dịch vụ Integration:</strong>,health_invoicing
<strong>Pay Later Workflow:</strong>,<strong>Pay Sau Workflow:</strong>,health_invoicing
<strong>Remaining Services: </strong>,<strong>Remaining Dịch vụs: </strong>,health_invoicing
<strong>⚠️ Discounts Applied:</strong> This invoice has discounts totaling,<strong>⚠️ Dissố lượngs Applied:</strong> Này Hóa đơn has dissố lượngs tổng cộnging,health_invoicing
<strong>⚠️ Low Service Count:</strong> Only,<strong>⚠️ Thấp Dịch vụ Số lượng:</strong> Only,health_invoicing
<strong>🎁 Prepaid Service:</strong> This payment was processed using a prepaid service package.,<strong>🎁 Pređã thanh toán Dịch vụ:</strong> Này Thanh toán was processed using a pređã thanh toán dịch vụ gói.,health_invoicing
<strong>💰 Cash Delivery Pending:</strong> This cash payment needs to be delivered to the Operations Manager.,<strong>💰 Tiền mặt Giao hàng Đang chờ:</strong> Này Tiền mặt Thanh toán nhu cầus Đến be delivered Đến the Vận hành Người quản lý.,health_invoicing
<strong>📋 Important:</strong> Please verify that:,<strong>📋 Quan trọng:</strong> Vui lòng verify đó:,health_invoicing
<strong>📦 Package Selected:</strong>,<strong>📦 Gói Đã chọn:</strong>,health_invoicing
<strong>🚫 Package Exhausted:</strong> All services in this package have been consumed.,<strong>🚫 Gói Exhausted:</strong> Tất cả dịch vụs trong này gói have been consumed.,health_invoicing
API key for MISA integration,API key cho MISA integration,health_invoicing
AR Dashboard,AR Bảng điều khiển,health_invoicing
AR Payment,AR Thanh toán,health_invoicing
AR Payment Record,AR Thanh toán Bản ghi,health_invoicing
AR Reconciled,Đã đối soát công nợ,health_invoicing
AR Reconciliation Date,AR Reconciliation Ngày,health_invoicing
AR entry created with positive outstanding balance,AR entry Đã tạo với positive outstanding balance,health_invoicing
"AR increases initially, cash recorded when OM receives it","AR increases ban đầuly, Tiền mặt bản ghied khi nào OM nhận it",health_invoicing
AR payment record already exists.,AR Thanh toán bản ghi đã tồn tại.,health_invoicing
Accepted,Chấp nhậned,health_invoicing
Accounts Receivable,Acsố lượngs Receivable,health_invoicing
Active Package Instances,Đang hoạt động Gói Instances,health_invoicing
Active Service Packages,Đang hoạt động Dịch vụ Góis,health_invoicing
Active service packages with visit tracking,Đang hoạt động dịch vụ góis với Lần khám Theo dõi,health_invoicing
Actual Hours,Actual Giờs,health_invoicing
Actual payment amount received,Actual Thanh toán Số tiền nhậnd,health_invoicing
Actual service completion time for audit trail,Actual dịch vụ completion Giờ cho audit trail,health_invoicing
Actual time spent on service,Actual Giờ spent trên dịch vụ,health_invoicing
Actual time when service was completed,Actual Giờ khi nào dịch vụ was đã hoàn thành,health_invoicing
Additional Notes,Bổ sung Ghi chú,health_invoicing
Additional charge for urgent/emergency services,Bổ sung charge cho Khẩn cấp/Khẩn cấp dịch vụs,health_invoicing
Additional notes about service delivery or payment collection,Bổ sung Ghi chú about dịch vụ giao hàng hoặc Thanh toán collection,health_invoicing
"Additional notes about service delivery, patient condition, payment collection, etc.","Bổ sung Ghi chú about dịch vụ giao hàng, Bệnh nhân Tình trạng, Thanh toán collection, etc.",health_invoicing
Additional notes about this payment collection,Bổ sung Ghi chú về điều này Thanh toán collection,health_invoicing
Additional notes about this payment collection...,Bổ sung Ghi chú về điều này Thanh toán collection...,health_invoicing
Additional notes about this payment transaction,Bổ sung Ghi chú về điều này Thanh toán transhành động,health_invoicing
Additional notes about this payment transaction...,Bổ sung Ghi chú về điều này Thanh toán transhành động...,health_invoicing
Additional notes about time spent,Bổ sung Ghi chú about Giờ spent,health_invoicing
Address where service was provided,Địa chỉ ở đâu dịch vụ was provided,health_invoicing
Adjusted Submission Time,Adjusted Submission Giờ,health_invoicing
All Healthcare Products,Tất cả Y tế Sản phẩms,health_invoicing
All Service Billing,Tất cả Dịch vụ Thanh toán,health_invoicing
All bills are genuine and in acceptable condition,Tất cả bills are genuine và trong chấp nhậnable Tình trạng,health_invoicing
Allocate Automatically,Phân bổ tự động,health_invoicing
Amount Adjustment,Số tiền Adjustment,health_invoicing
Amount Adjustment Reason,Số tiền Adjustment Lý do,health_invoicing
Amount Override Details,Số tiền Quaride Chi tiết,health_invoicing
Amount Verified,Số tiền Verified,health_invoicing
Amount being paid (can be partial),Số tiền being đã thanh toán (can be partial),health_invoicing
Amount covered by insurance,Số tiền cquaed bởi Bảo hiểm,health_invoicing
Amount for equipment rental,Số tiền cho thiết bị rental,health_invoicing
Amount for medical supplies used,Số tiền cho Y khoa supplies used,health_invoicing
Amount of cash being delivered,Số tiền of Tiền mặt being delivered,health_invoicing
Any notes about the physical cash condition,Bất kỳ Ghi chú about the physical Tiền mặt Tình trạng,health_invoicing
Apply Payment To Invoices,Áp dụng Thanh toán Đến Hóa đơns,health_invoicing
Appointment,Cuộc hẹn,health_invoicing
Appointment not found.,Cuộc hẹn not được tìm thấy.,health_invoicing
Appointment that generated this billing,Cuộc hẹn đó genetỷ lệd này thanh toán,health_invoicing
Approved,Phê duyệtd,health_invoicing
Auto Sync Enabled,Auto Đồng bộ Đã bật,health_invoicing
Auto-Reconcile in AR,Auto-Reconcile trong AR,health_invoicing
Auto-calculated amount based on FSO services and time,Auto-calculated Số tiền based trên FSO dịch vụs và Giờ,health_invoicing
Auto-calculated expiration date based on package duration,Auto-calculated expiration Ngày based trên gói Thời lượng,health_invoicing
Automatically allocate payment to oldest invoices first,Automatically allocate Thanh toán Đến cũ nhất hóa đơns đầu tiên,health_invoicing
Automatically reconcile this payment in Accounts Receivable,Automatically reconcile này Thanh toán trong Acsố lượngs Receivable,health_invoicing
Bank/Card Transfer,Bank/Thẻ Transfer,health_invoicing
Base Service Amount,Base Dịch vụ Số tiền,health_invoicing
Base amount for the healthcare service,Base Số tiền cho the Y tế dịch vụ,health_invoicing
Billing Record,Thanh toán Bản ghi,health_invoicing
Billing Reference,Thanh toán Tham chiếu,health_invoicing
Billing Status,Thanh toán Trạng thái,health_invoicing
"Billing must be in ""Ready to Invoice"" status.","Thanh toán must be trong ""Ready Đến Hóa đơn"" Trạng thái.",health_invoicing
Billing rate per hour for this staff member,Thanh toán tỷ lệ per giờ cho này nhân viên member,health_invoicing
Blood Pressure Monitoring,Blood Nhấnure Monitoring,health_invoicing
Booking not found.,Đặt lịch not được tìm thấy.,health_invoicing
Booking that generated this invoice,Đặt lịch đó genetỷ lệd này Hóa đơn,health_invoicing
Booking this payment is for,Đặt lịch này Thanh toán là cho,health_invoicing
Bookings that consumed from this package,Đặt lịchs đó consumed Từ này gói,health_invoicing
Calculated Invoice Amount,Calculated Hóa đơn Số tiền,health_invoicing
Calculated price per individual service,Calculated giá per individual dịch vụ,health_invoicing
Calculated price per individual service/visit,Calculated giá per individual dịch vụ/Lần khám,health_invoicing
Calculated value per service unit consumed,Calculated giá trị per dịch vụ đơn vị consumed,health_invoicing
Cannot cancel billing with posted invoice. Please cancel the invoice first.,Cannot Hủy thanh toán với posted Hóa đơn. Vui lòng Hủy the Hóa đơn đầu tiên.,health_invoicing
"Cannot consume %d services from package ""%s"". Only %d services remaining.","Cannot consume %d dịch vụs Từ gói ""%s"". Only %d dịch vụs remaining.",health_invoicing
"Cannot consume %d services. Package ""%s"" only has %d services remaining.","Cannot consume %d dịch vụs. Gói ""%s"" only has %d dịch vụs remaining.",health_invoicing
"Cannot consume %d services. Package ""%s"" only has %d services total (%d already consumed).","Cannot consume %d dịch vụs. Gói ""%s"" only has %d dịch vụs Tổng cộng (%d already consumed).",health_invoicing
Cannot consume more services than available in package.,Cannot consume Thêm dịch vụs than có sẵn trong gói.,health_invoicing
Cannot consume services from inactive package.,Cannot consume dịch vụs Từ Không hoạt động gói.,health_invoicing
Cannot create bookings for inactive packages.,Cannot Tạo mới đặt lịchs cho Không hoạt động góis.,health_invoicing
Cannot create package instance from non-package product.,Cannot Tạo mới gói instance Từ non-gói sản phẩm.,health_invoicing
Cash Amount,Tiền mặt Số tiền,health_invoicing
Cash Collection Workflow (Invoicing.md Case 1),Tiền mặt Collection Workflow (Invoicing.md Case 1),health_invoicing
Cash Collections,Tiền mặt Collections,health_invoicing
Cash Condition Notes,Tiền mặt Tình trạng Ghi chú,health_invoicing
Cash Delivered Date,Tiền mặt Delivered Ngày,health_invoicing
Cash Delivered to OM,Tiền mặt Delivered Đến OM,health_invoicing
Cash Delivery Completed,Tiền mặt Giao hàng Đã hoàn thành,health_invoicing
Cash Delivery Confirmation Wizard,Tiền mặt Giao hàng Xác nhậnation Công cụ,health_invoicing
Cash Delivery Details,Tiền mặt Giao hàng Chi tiết,health_invoicing
Cash Held by Nurse,Tiền mặt Held bởi Y tá,health_invoicing
Cash Management - Nurse Collections,Tiền mặt Quản lý - Y tá Collections,health_invoicing
Cash Management Dashboard,Tiền mặt Quản lý Bảng điều khiển,health_invoicing
Cash Pending Delivery,Tiền mặt Đang chờ Giao hàng,health_invoicing
Cash Verification & Notes,Tiền mặt Verification & Ghi chú,health_invoicing
Cash amount matches the transaction amount exactly,Tiền mặt Số tiền matches the transhành động Số tiền exactly,health_invoicing
Cash amount must be positive.,Tiền mặt Số tiền must be positive.,health_invoicing
Cash delivery date cannot be before transaction date.,Tiền mặt giao hàng Ngày cannot be trước transhành động Ngày.,health_invoicing
Cash is held by nurse until next clinic visit (per Invoicing.md),Tiền mặt là held bởi Y tá until Tiếp theo Khám tại phòng khám (per Invoicing.md),health_invoicing
Cash transaction being delivered to OM,Tiền mặt transhành động being delivered Đến OM,health_invoicing
Check if submission will be offline due to connectivity issues,Kiểm tra nếu submission will be offline hạn Đến connectivity issues,health_invoicing
Choose how to handle payment for this service,Chọn như thế nào Đến handle Thanh toán cho này dịch vụ,health_invoicing
Choose payment collection method,Chọn Thanh toán collection phương thức,health_invoicing
Client & Payment,Khách hàng & Thanh toán,health_invoicing
Client Packages,Khách hàng Góis,health_invoicing
"Client"" readonly=""1","Khách hàng"" chỉ đọc=""1",health_invoicing
Collect Payment,Collect Thanh toán,health_invoicing
Collect Payment from Patient,Collect Thanh toán Từ Bệnh nhân,health_invoicing
Collections follow-up per company policy,Collections Theo dõi per Công ty chính sách,health_invoicing
Complete Service - Payment Collection,Hoàn thành Dịch vụ - Thanh toán Collection,health_invoicing
Complete payment processing as per Vietnamese healthcare regulations,Hoàn thành Thanh toán processing như là per Tiếng Việt Y tế regulations,health_invoicing
Complete service and launch payment collection workflow,Hoàn thành dịch vụ và launch Thanh toán collection workflow,health_invoicing
Completed field service order requiring payment,Đã hoàn thành trường dịch vụ thứ tự requiring Thanh toán,health_invoicing
Confirm Cash Delivery,Xác nhận Tiền mặt Giao hàng,health_invoicing
Confirm Cash Delivery to OM,Xác nhận Tiền mặt Giao hàng Đến OM,health_invoicing
Connected,Đã kết nối,health_invoicing
Connecting,Đang kết nối,health_invoicing
Connection Error,Connection Lỗi,health_invoicing
Connection Status,Connection Trạng thái,health_invoicing
Consume services from prepaid package,Consume dịch vụs Từ pređã thanh toán gói,health_invoicing
Consumed,Đã sử dụng,health_invoicing
Consumed quantity must be positive.,Consumed số lượng must be positive.,health_invoicing
Consumed services cannot be negative.,Consumed dịch vụs cannot be negative.,health_invoicing
Consumption Details,Consumption Chi tiết,health_invoicing
Consumption Reference,Consumption Tham chiếu,health_invoicing
Consumptions,Mức tiêu thụ,health_invoicing
Corporate Healthcare Account,Công ty Y tế Acsố lượng,health_invoicing
Create AR Payment,Tạo mới AR Thanh toán,health_invoicing
Create Bank Deposit Record,Tạo mới Bank Deposit Bản ghi,health_invoicing
Create Invoice Now,Tạo mới Hóa đơn Bây giờ,health_invoicing
Create Package,Tạo mới Gói,health_invoicing
Select Package,Chọn gói,health_invoicing
Create Refund,Tạo mới Refund,health_invoicing
Create Service Booking,Tạo mới Dịch vụ Đặt lịch,health_invoicing
Create Standard Invoice,Tạo mới Standard Hóa đơn,health_invoicing
Create a new FSO booking from this package,Tạo mới a Mới FSO đặt lịch Từ này gói,health_invoicing
Create and submit invoice for this package,Tạo mới và Gửi Hóa đơn cho này gói,health_invoicing
Create and submit invoice immediately,Tạo mới và Gửi Hóa đơn immediately,health_invoicing
Create bank deposit record for cash banking,Tạo mới bank deposit bản ghi cho Tiền mặt banking,health_invoicing
Create healthcare service invoices,Tạo mới Y tế dịch vụ hóa đơns,health_invoicing
Create your first healthcare package product!,Tạo mới của bạn đầu tiên Y tế gói sản phẩm!,health_invoicing
Create your first prepaid service package!,Tạo mới của bạn đầu tiên pređã thanh toán dịch vụ gói!,health_invoicing
Credit Card,Crchỉnh sửa Thẻ,health_invoicing
Current status of this payment,Current Trạng thái of này Thanh toán,health_invoicing
Current status of this service consumption,Current Trạng thái of này dịch vụ consumption,health_invoicing
Current status of this service package,Current Trạng thái of này dịch vụ gói,health_invoicing
Customer,Khách hàng,health_invoicing
Customer CCCD Number,Khách hàng CCCD Số,health_invoicing
Customer Sync,Khách hàng Đồng bộ,health_invoicing
Customer Tax Code,Khách hàng Thuế Mã,health_invoicing
Customer tax registration number,Khách hàng thuế đăng ký Số,health_invoicing
Date and time when payment was collected,Ngày và Giờ khi nào Thanh toán was collected,health_invoicing
Date and time when service was consumed,Ngày và Giờ khi nào dịch vụ was consumed,health_invoicing
Date of last successful synchronization,Ngày of last thành côngful đồng bộhronization,health_invoicing
Date of last synchronization error,Ngày of last đồng bộhronization Lỗi,health_invoicing
Date submitted to Ministry of Health,Ngày submitted Đến Ministry of Y tế,health_invoicing
Date when cash was delivered to Operations Manager,Ngày khi nào Tiền mặt was delivered Đến Vận hành Người quản lý,health_invoicing
Date when invoice was generated,Ngày khi nào Hóa đơn was genetỷ lệd,health_invoicing
Date when invoice was submitted to tax authorities,Ngày khi nào Hóa đơn was submitted Đến thuế authorities,health_invoicing
Date when invoice was synced to MISA,Ngày khi nào Hóa đơn was đồng bộed Đến MISA,health_invoicing
Date when payment is due,Ngày khi nào Thanh toán là hạn,health_invoicing
Date when payment was reconciled in AR system,Ngày khi nào Thanh toán was reconciled trong AR hệ thống,health_invoicing
Date when this package was purchased,Ngày khi nào này gói was purchased,health_invoicing
Delivered By,Delivered Bởi,health_invoicing
Delivery Date & Time,Giao hàng Ngày & Giờ,health_invoicing
Description of medical equipment used during service,Mô tả of Y khoa thiết bị used during dịch vụ,health_invoicing
Diabetes Management,Diabetes Quản lý,health_invoicing
Difference from calculated amount (if nurse adjusted),Difference Từ calculated Số tiền (nếu Y tá adjusted),health_invoicing
Direct Patient Payment,Direct Bệnh nhân Thanh toán,health_invoicing
Discount Reason,Dissố lượng Lý do,health_invoicing
"Discount reason is mandatory when applying discounts!

Line: %s
Discount: %.2f%%

Please provide a reason in the ""Discount Reason"" field.","Dissố lượng lý do là mandatory khi nào áp dụnging dissố lượngs!

Line: %s
Dissố lượng: %.2f%%

Vui lòng provide a lý do trong the ""Dissố lượng Lý do"" trường.",health_invoicing
Distance traveled for home visits,Khoảng cách traveled cho Khám tại nhà,health_invoicing
Due Date,Hạn Ngày,health_invoicing
Due This Month,Hạn Tháng này,health_invoicing
Due This Week,Hạn Tuần này,health_invoicing
Duration of healthcare service in minutes,Thời lượng of Y tế dịch vụ trong phúts,health_invoicing
Electronic receipt number (auto-generated if empty),Electronic Biên lai Số (auto-genetỷ lệd nếu Trống),health_invoicing
Electronic receipt number issued by OM upon cash receipt,Electronic Biên lai Số cấp bởi OM upon Tiền mặt Biên lai,health_invoicing
Electronic receipt will be generated for your records,Electronic Biên lai will be genetỷ lệd cho của bạn bản ghis,health_invoicing
Enable automatic synchronization with MISA,Enable automatic đồng bộhronization với MISA,health_invoicing
"Enter package terms, conditions, service details, etc.","Nhập gói terms, conditions, dịch vụ Chi tiết, etc.",health_invoicing
Equipment Rental,Thiết bị Rental,health_invoicing
Equipment Rental (Days),Thiết bị Rental (Days),health_invoicing
Equipment Rental Amount,Thiết bị Rental Số tiền,health_invoicing
Equipment Used,Thiết bị Used,health_invoicing
Error Message,Lỗi Tin nhắn,health_invoicing
Error message from MISA synchronization,Lỗi tin nhắn Từ MISA đồng bộhronization,health_invoicing
Error message from tax authority submission,Lỗi tin nhắn Từ thuế cơ quan submission,health_invoicing
Error message if sync failed,Lỗi tin nhắn nếu đồng bộ Thất bại,health_invoicing
Estimated Hours,Estimated Giờs,health_invoicing
Exhausted,Đã hết,health_invoicing
Expiration Date,Expiration Ngày,health_invoicing
Expired,Hết hạn,health_invoicing
Expiring Soon,Expiring Sớm,health_invoicing
Explain why the amount was adjusted from the calculated amount...,Explain tại sao the Số tiền was adjusted Từ the calculated Số tiền...,health_invoicing
FSO Reference,FSO Tham chiếu,health_invoicing
FSO associated with this payment,FSO liên kết với này Thanh toán,health_invoicing
FSO that generated this billing,FSO đó genetỷ lệd này thanh toán,health_invoicing
FSO where this prepaid service was delivered,FSO ở đâu này pređã thanh toán dịch vụ was delivered,health_invoicing
Facility Usage,Cơ sở Sử dụng,health_invoicing
Failed to create invoice from quote. Please contact support.,Thất bại Đến Tạo mới Hóa đơn Từ quote. Vui lòng Liên hệ hỗ trợ.,health_invoicing
Final Amount,Final Số tiền,health_invoicing
Final Invoice Amount,Final Hóa đơn Số tiền,health_invoicing
Final amount to invoice (nurse can adjust if needed),Final Số tiền Đến Hóa đơn (Y tá can adjust nếu nhu cầued),health_invoicing
Flexible Location,Flexible Vị trí,health_invoicing
Generate Electronic Receipt,Genetỷ lệ Electronic Biên lai,health_invoicing
Generate electronic receipt for cash delivery,Genetỷ lệ electronic Biên lai cho Tiền mặt giao hàng,health_invoicing
Generated Invoice,Genetỷ lệd Hóa đơn,health_invoicing
Government Healthcare Subsidy,Chính phủ Y tế Subsidy,health_invoicing
Has Discounts,Has Dissố lượngs,health_invoicing
Has Insurance Claim,Has Bảo hiểm Claim,health_invoicing
Has Insurance Coverage,Has Bảo hiểm Bao phủ,health_invoicing
Healthcare AR Dashboard,Y tế AR Bảng điều khiển,health_invoicing
Healthcare Account Mappings,Y tế Acsố lượng Mappings,health_invoicing
Healthcare Accounts Receivable Analysis,Y tế Acsố lượngs Receivable Phân tích,health_invoicing
Healthcare Accounts Receivable Trends,Y tế Acsố lượngs Receivable Trends,health_invoicing
Healthcare Grouping,Y tế Nhóming,health_invoicing
Healthcare Invoicing,Y tế Invoicing,health_invoicing
Healthcare Invoicing Manager,Y tế Invoicing Người quản lý,health_invoicing
Healthcare Invoicing User,Y tế Invoicing Người dùng,health_invoicing
Healthcare Package,Y tế Gói,health_invoicing
Healthcare Package Configuration,Y tế Gói Cấu hình,health_invoicing
Healthcare Package Products,Y tế Gói Sản phẩms,health_invoicing
Healthcare Package: Prepaid service packages with visit/session tracking,"Y tế Gói: Pređã thanh toán dịch vụ góis với Lần khám/session Theo dõiHàng hóa là nguyên vật liệu hữu hình và hàng hóa bạn cung cấp.
Dịch vụ là sản phẩm phi vật chất bạn cung cấp.",health_invoicing
Healthcare Packages,Y tế Góis,health_invoicing
Healthcare Payment Transaction,Y tế Thanh toán Transhành động,health_invoicing
Healthcare Payment Type,Y tế Thanh toán Loại,health_invoicing
Healthcare Payment Workflow,Y tế Thanh toán Workflow,health_invoicing
Healthcare Payment Workflow Wizard,Y tế Thanh toán Workflow Công cụ,health_invoicing
Healthcare Service Billing,Y tế Dịch vụ Thanh toán,health_invoicing
Healthcare Service Category,Y tế Dịch vụ Danh mục,health_invoicing
Healthcare Service Package,Y tế Dịch vụ Gói,health_invoicing
Healthcare Staff Time Tracking,Y tế Nhân viên Giờ Theo dõi,health_invoicing
Healthcare Transaction,Y tế Transhành động,health_invoicing
Healthcare account mappings configured successfully.,Y tế acsố lượng mappings configured thành côngfully.,health_invoicing
Healthcare appointment this payment is for,Y tế Cuộc hẹn này Thanh toán là cho,health_invoicing
Healthcare billing and invoicing management,Y tế thanh toán và invoicing quản lý,health_invoicing
"Healthcare invoicing managers have full access to billing, invoicing, and financial reporting","Y tế invoicing người quản lýs have Đầy đủ truy cập Đến thanh toán, invoicing, và financial Báo cáo",health_invoicing
Healthcare invoicing users can create and manage healthcare billing and invoices,Y tế invoicing người dùngs can Tạo mới và manage Y tế thanh toán và hóa đơns,health_invoicing
Healthcare package price must be positive.,Y tế gói giá must be positive.,health_invoicing
"Healthcare packages are reusable service templates that can be sold to patients.
                Define packages like ""7 Day Physiotherapy"" or ""12 Session Blood Pressure Monitoring""
                that can be selected in invoices alongside regular products like syringes and bandages.","Y tế góis are reusable dịch vụ mẫus đó can be sold Đến Bệnh nhân.
                Define góis thích ""7 Ngày Vật lý trị liệu"" hoặc ""12 Session Blood Nhấnure Monitoring""
                đó can be đã chọn trong hóa đơns alongside regular sản phẩms thích syringes và bandages.",health_invoicing
Healthcare packages must include at least 1 service/visit.,Y tế góis must include tại ít nhất 1 dịch vụ/Lần khám.,health_invoicing
Healthcare service type must be specified for MOH submission.,Y tế dịch vụ Loại must be specified cho MOH submission.,health_invoicing
Healthcare staff collecting payment,Y tế nhân viên collecting Thanh toán,health_invoicing
Healthcare staff involved in service delivery,Y tế nhân viên involved trong dịch vụ giao hàng,health_invoicing
Healthcare staff member who provided the service,Y tế nhân viên member ai provided the dịch vụ,health_invoicing
Healthcare staff who collected this payment,Y tế nhân viên ai collected này Thanh toán,health_invoicing
Healthcare staff who delivered this service,Y tế nhân viên ai delivered này dịch vụ,health_invoicing
High Value (> 1M VND),Cao Giá trị (> 1M VND),health_invoicing
Home Visit Packages,Khám tại nhà Góis,health_invoicing
Hourly,Giờly,health_invoicing
Hourly Rate,Giờly Tỷ lệ,health_invoicing
How often to sync with MISA,Như thế nào thường xuyên Đến đồng bộ với MISA,health_invoicing
ID assigned in MISA system,ID phân cônged trong MISA hệ thống,health_invoicing
ID of record being synced,ID of bản ghi being đồng bộed,health_invoicing
Initially estimated service time,Ban đầuly estimated dịch vụ Giờ,health_invoicing
Installment Payment,Cài đặtment Thanh toán,health_invoicing
Insurance Claim Number,Bảo hiểm Claim Số,health_invoicing
Insurance Claim Status,Bảo hiểm Claim Trạng thái,health_invoicing
Insurance Claims Processor,Bảo hiểm Claims Processor,health_invoicing
Insurance Coverage %,Bảo hiểm Bao phủ %,health_invoicing
Insurance Coverage Amount,Bảo hiểm Bao phủ Số tiền,health_invoicing
Insurance Covered,Bảo hiểm Cquaed,health_invoicing
Insurance Covered Amount,Bảo hiểm Cquaed Số tiền,health_invoicing
Insurance claim reference number,Bảo hiểm claim Tham chiếu Số,health_invoicing
Insurance company processing the claim,Bảo hiểm Công ty processing the claim,health_invoicing
Integration Name,Integration Tên,health_invoicing
Invalid payment workflow selected.,Invalid Thanh toán workflow đã chọn.,health_invoicing
Invoice & Payment,Hóa đơn & Thanh toán,health_invoicing
Invoice & Payment Processing,Hóa đơn & Thanh toán Processing,health_invoicing
Invoice Adjustment Reason,Hóa đơn Adjustment Lý do,health_invoicing
Invoice Date,Hóa đơn Ngày,health_invoicing
Invoice ID in MISA accounting system,Hóa đơn ID trong MISA acsố lượnging hệ thống,health_invoicing
Invoice Integration,Hóa đơn Integration,health_invoicing
Invoice Line,Hóa đơn Line,health_invoicing
"Invoice Sent to Patient!

📧 Invoice amount: %s %s
📋 Patient will receive invoice for later payment

Service completed and invoice submitted to Tax Authorities.","Hóa đơn Đã gửi Đến Bệnh nhân!

📧 Hóa đơn Số tiền: %s %s
📋 Bệnh nhân will Nhận Hóa đơn cho sau Thanh toán

Dịch vụ đã hoàn thành và Hóa đơn submitted Đến Thuế Authorities.",health_invoicing
Invoice Sync,Hóa đơn Đồng bộ,health_invoicing
Invoice already generated for this billing.,Hóa đơn already genetỷ lệd cho này thanh toán.,health_invoicing
Invoice amount must be positive.,Hóa đơn Số tiền must be positive.,health_invoicing
Invoice associated with this payment,Hóa đơn liên kết với này Thanh toán,health_invoicing
Invoice generated from this billing,Hóa đơn genetỷ lệd Từ này thanh toán,health_invoicing
Invoice generated when this package was purchased,Hóa đơn genetỷ lệd khi nào này gói was purchased,health_invoicing
Invoice line if this consumption was invoiced separately,Hóa đơn line nếu này consumption was hóa đơnd sepatỷ lệly,health_invoicing
Invoice line that created this package,Hóa đơn line đó Đã tạo này gói,health_invoicing
Invoice line that created this package instance,Hóa đơn line đó Đã tạo này gói instance,health_invoicing
Invoice must be submitted to Vietnamese Tax Authorities,Hóa đơn must be submitted Đến Tiếng Việt Thuế Authorities,health_invoicing
Invoice submission to tax authorities initiated.,Hóa đơn submission Đến thuế authorities initiated.,health_invoicing
Invoice submitted to Ministry of Health successfully.,Hóa đơn submitted Đến Ministry of Y tế thành côngfully.,health_invoicing
Invoice submitted to Tax Department immediately,Hóa đơn submitted Đến Thuế Department immediately,health_invoicing
Invoiced,Hóa đơnd,health_invoicing
Invoices can only be created for patients.,Hóa đơns can only be Đã tạo cho Bệnh nhân.,health_invoicing
Is Healthcare Package,Là Y tế Gói,health_invoicing
JSON mapping of healthcare services to MISA account codes,JSON mapping of Y tế dịch vụs Đến MISA acsố lượng mãs,health_invoicing
JSON mapping of tax codes between Odoo and MISA,JSON mapping of thuế mãs giữa Odoo và MISA,health_invoicing
Journal Entry,Bút toán,health_invoicing
Journal Item,Hạng mục bút toán,health_invoicing
Last Error Date,Last Lỗi Ngày,health_invoicing
Last Error Message,Last Lỗi Tin nhắn,health_invoicing
Last Sync Date,Last Đồng bộ Ngày,health_invoicing
Last synchronization error message,Last đồng bộhronization Lỗi tin nhắn,health_invoicing
Legacy Consumption Records (Deprecated),Legacy Consumption Bản ghis (Deprecated),health_invoicing
Legacy consumption records - use fso_ids instead,Legacy consumption bản ghis - use fso_ids instead,health_invoicing
Legacy prepaid service consumptions - use package_id instead,Legacy pređã thanh toán dịch vụ consumptions - use gói_id instead,health_invoicing
Log Entry,Nhật ký Entry,health_invoicing
Low Value (< 100K VND),Thấp Giá trị (< 100K VND),health_invoicing
MISA API Key,Khóa API MISA,health_invoicing
MISA Accounting Integration,MISA Acsố lượnging Integration,health_invoicing
MISA Database Name,MISA Database Tên,health_invoicing
MISA ID,Mã MISA,health_invoicing
MISA Integration,Tích hợp MISA,health_invoicing
MISA Integration Admin,MISA Integration Quản trị,health_invoicing
MISA Invoice ID,MISA Hóa đơn ID,health_invoicing
MISA Password,MISA Mật khẩu,health_invoicing
MISA Server URL,URL máy chủ MISA,health_invoicing
MISA Sync Error,MISA Đồng bộ Lỗi,health_invoicing
MISA Sync Log,MISA Đồng bộ Nhật ký,health_invoicing
MISA Sync Status,MISA Đồng bộ Trạng thái,health_invoicing
MISA Username,MISA Người dùngtên,health_invoicing
MISA accounting system server URL,MISA acsố lượnging hệ thống server URL,health_invoicing
MISA connection error: %s,MISA connection Lỗi: %s,health_invoicing
MISA connection failed: %s,MISA connection Thất bại: %s,health_invoicing
MISA connection must be established before syncing.,MISA connection must be established trước đồng bộing.,health_invoicing
MISA connection successful!,MISA connection thành côngful!,health_invoicing
MISA database name for this company,MISA database Tên cho này Công ty,health_invoicing
MISA integration administrators can configure and manage MISA synchronization,MISA integration quản trị viêns can configure và manage MISA đồng bộhronization,health_invoicing
"MISA payment sync completed: %d payments synced, %d errors","MISA Thanh toán đồng bộ đã hoàn thành: %d thanh toán đồng bộed, %d lỗis",health_invoicing
"MISA sync completed: %d invoices synced, %d errors","MISA đồng bộ đã hoàn thành: %d hóa đơns đồng bộed, %d lỗis",health_invoicing
MISA synchronization initiated.,MISA đồng bộhronization initiated.,health_invoicing
MOH Invoice Code,MOH Hóa đơn Mã,health_invoicing
MOH Reporting Required,MOH Báo cáo Bắt buộc,health_invoicing
MOH Submission Status,MOH Submission Trạng thái,health_invoicing
Manage all healthcare products and packages!,Manage Tất cả Y tế sản phẩms và góis!,health_invoicing
Mandatory reason when discount is applied,Mandatory lý do khi nào dissố lượng là applied,health_invoicing
Mandatory reason when discount is applied to this line,Mandatory lý do khi nào dissố lượng là applied Đến này line,health_invoicing
Manual,Thủ công,health_invoicing
"Manual notes about this package - service details, special conditions, etc.","Manual Ghi chú về điều này gói - dịch vụ Chi tiết, special conditions, etc.",health_invoicing
Mark Cash Delivered,Mark Tiền mặt Delivered,health_invoicing
Mark Cash Delivered to OM,Mark Tiền mặt Delivered Đến OM,health_invoicing
Mark as Invoiced,Đánh dấu là Hóa đơnd,health_invoicing
Medical Consultation,Y khoa Tư vấn,health_invoicing
Medical Equipment,Y khoa Thiết bị,health_invoicing
Medical Supplies Amount,Y khoa Supplies Số tiền,health_invoicing
Medical Transportation,Y khoa Vận chuyểnation,health_invoicing
Medical equipment used for this service,Y khoa thiết bị used cho này dịch vụ,health_invoicing
Medium Value (100K - 1M VND),Trung bình Giá trị (100K - 1M VND),health_invoicing
Method of payment for immediate payment,Phương thức of Thanh toán cho immediate Thanh toán,health_invoicing
Method of payment if processing now,Phương thức of Thanh toán nếu processing bây giờ,health_invoicing
Method used for payment,Phương thức used cho Thanh toán,health_invoicing
Method used for this payment,Phương thức used cho này Thanh toán,health_invoicing
Ministry of Health invoice tracking code,Ministry of Y tế Hóa đơn Theo dõi Mã,health_invoicing
Ministry of Health submission status for regulatory compliance,Ministry of Y tế submission Trạng thái cho regulatory tuân thủ,health_invoicing
"Name for this service package (e.g., ""7-Session Physiotherapy Package"")","Tên cho này dịch vụ gói (e.g., ""7-Session Vật lý trị liệu Gói"")",health_invoicing
Name from selected package product,Tên Từ đã chọn gói sản phẩm,health_invoicing
New Billing,Mới Thanh toán,health_invoicing
New Consumption,Mới Consumption,health_invoicing
New Transaction,Mới Transhành động,health_invoicing
No %s journal found. Please configure payment journals in Accounting settings.,Không %s journal được tìm thấy. Vui lòng configure Thanh toán journals trong Acsố lượnging Cài đặt.,health_invoicing
No AR payment record is associated with this transaction.,Không AR Thanh toán bản ghi là liên kết với này transhành động.,health_invoicing
No Booking associated with this consumption.,Không Đặt lịch liên kết với này consumption.,health_invoicing
No Booking specified.,Không Đặt lịch specified.,health_invoicing
No Completed stage found. Please configure booking stages properly.,Không Đã hoàn thành giai đoạn được tìm thấy. Vui lòng configure đặt lịch giai đoạns properly.,health_invoicing
No appropriate payment journal found. Please configure payment journals.,Không appropriate Thanh toán journal được tìm thấy. Vui lòng configure Thanh toán journals.,health_invoicing
No cash collections found!,Không Tiền mặt collections được tìm thấy!,health_invoicing
No cash transactions found!,Không Tiền mặt transhành độngs được tìm thấy!,health_invoicing
No invoice has been created for this service order.,Không Hóa đơn has been Đã tạo cho này dịch vụ thứ tự.,health_invoicing
No invoice is associated with this payment transaction.,Không Hóa đơn là liên kết với này Thanh toán transhành động.,health_invoicing
No outstanding amount to collect for this patient.,Không outstanding Số tiền Đến collect cho này Bệnh nhân.,health_invoicing
No outstanding patient payments found!,Không outstanding Bệnh nhân thanh toán được tìm thấy!,health_invoicing
No overdue payments! 🎉,Không quá hạn thanh toán! 🎉,health_invoicing
No payment transactions yet!,Không Thanh toán transhành độngs yet!,health_invoicing
No remaining services in this package to book.,Không remaining dịch vụs trong này gói Đến book.,health_invoicing
No service consumptions yet!,Không dịch vụ consumptions yet!,health_invoicing
No services remaining to refund.,Không dịch vụs remaining Đến refund.,health_invoicing
Not Reconciled in AR,Not Reconciled trong AR,health_invoicing
Not Required,Not Bắt buộc,health_invoicing
Not Synced,Not Đồng bộed,health_invoicing
Not enough services remaining in package.,Not enough dịch vụs remaining trong gói.,health_invoicing
Notes & Comments,Ghi chú & Bình luậns,health_invoicing
"Notes about cash condition, denomination, any discrepancies or issues...","Ghi chú about Tiền mặt Tình trạng, denomination, bất kỳ discrepancies hoặc issues...",health_invoicing
Notes about payment proof/photo taken,Ghi chú about Thanh toán proof/photo taken,health_invoicing
Notes about the service delivery or consumption,Ghi chú about the dịch vụ giao hàng hoặc consumption,health_invoicing
Notes about the service delivery or consumption...,Ghi chú about the dịch vụ giao hàng hoặc consumption...,health_invoicing
Number of FSO bookings linked to this package,Số of FSO đặt lịchs liên kếted Đến này gói,health_invoicing
Number of FSOs that consumed from this package,Số of FSOs đó consumed Từ này gói,health_invoicing
Number of Services,Số of Dịch vụs,health_invoicing
Number of Services/Visits,Số of Dịch vụs/Lần khám,health_invoicing
Number of active service packages,Số of Đang hoạt động dịch vụ góis,health_invoicing
Number of days equipment was rented,Số of days thiết bị was rented,health_invoicing
Number of payment transactions,Số of Thanh toán transhành độngs,health_invoicing
Number of proof documents attached,Số of proof tài liệus attached,health_invoicing
Number of services already consumed from this package,Số of dịch vụs already consumed Từ này gói,health_invoicing
Number of services consumed from the package,Số of dịch vụs consumed Từ the gói,health_invoicing
Number of services consumed from the package (default: 1),Số of dịch vụs consumed Từ the gói (mặc định: 1),health_invoicing
Number of services from selected package product,Số of dịch vụs Từ đã chọn gói sản phẩm,health_invoicing
Number of services to consume from package,Số of dịch vụs Đến consume Từ gói,health_invoicing
Number of services to consume from selected package,Số of dịch vụs Đến consume Từ đã chọn gói,health_invoicing
Number of synchronization errors,Số of đồng bộhronization lỗis,health_invoicing
Nurse Notes,Y tá Ghi chú,health_invoicing
Nurse Override Reason,Y tá Quaride Lý do,health_invoicing
Nurse Payment Collection Wizard,Y tá Thanh toán Collection Công cụ,health_invoicing
Nurse holds cash until next clinic visit,Y tá holds Tiền mặt until Tiếp theo Khám tại phòng khám,health_invoicing
Nurse/Staff,Y tá/Nhân viên,health_invoicing
Nursing Home,Nursing Trang chủ,health_invoicing
OM Receipt Number,OM Biên lai Số,health_invoicing
OM Receipt Required,OM Biên lai Bắt buộc,health_invoicing
OM has verified the cash amount matches the transaction,OM has verified the Tiền mặt Số tiền matches the transhành động,health_invoicing
OM issues electronic receipt upon cash receipt,OM issues electronic Biên lai upon Tiền mặt Biên lai,health_invoicing
Odoo model being synced,Odoo mô hình being đồng bộed,health_invoicing
Official Vietnamese healthcare service code,Official Tiếng Việt Y tế dịch vụ Mã,health_invoicing
Offline Submission,Gửi ngoại tuyến,health_invoicing
Online Payment,Online Thanh toán,health_invoicing
Only cash payments need delivery confirmation.,Only Tiền mặt thanh toán nhu cầu giao hàng xác nhậnation.,health_invoicing
Only cash payments require delivery confirmation.,Only Tiền mặt thanh toán require giao hàng xác nhậnation.,health_invoicing
Only posted invoices can be processed for payment.,Only posted hóa đơns can be processed cho Thanh toán.,health_invoicing
Only posted invoices can be submitted to tax authorities.,Only posted hóa đơns can be submitted Đến thuế authorities.,health_invoicing
Only posted invoices can be synced to MISA.,Only posted hóa đơns can be đồng bộed Đến MISA.,health_invoicing
Only services in progress can be completed.,Only dịch vụs trong progress can be đã hoàn thành.,health_invoicing
Operations Manager Cash Receipt Confirmation,Vận hành Người quản lý Tiền mặt Biên lai Xác nhậnation,health_invoicing
Operations Manager must issue electronic receipt upon cash receipt,Vận hành Người quản lý must issue electronic Biên lai upon Tiền mặt Biên lai,health_invoicing
Operations Manager must verify the cash amount before confirming delivery.,Vận hành Người quản lý must verify the Tiền mặt Số tiền trước xác nhậning giao hàng.,health_invoicing
Operations Manager receiving the cash,Vận hành Người quản lý nhận the Tiền mặt,health_invoicing
Operations Manager who received cash payment,Vận hành Người quản lý ai nhậnd Tiền mặt Thanh toán,health_invoicing
Optional expiration date for this package,Tùy chọn expiration Ngày cho này gói,health_invoicing
Original Invoice Amount,Original Hóa đơn Số tiền,health_invoicing
Original invoice amount before any nurse override,Original Hóa đơn Số tiền trước bất kỳ Y tá quaride,health_invoicing
Originally Collected By,Originally Collected Bởi,health_invoicing
Other Location,Khác Vị trí,health_invoicing
Other Method,Khác Phương thức,health_invoicing
Other Service,Khác Dịch vụ,health_invoicing
Outstanding,Còn nợ,health_invoicing
Outstanding Amount,Outstanding Số tiền,health_invoicing
Outstanding Invoices,Outstanding Hóa đơns,health_invoicing
Outstanding Payments,Outstanding Thanh toán,health_invoicing
Outstanding Summary,Outstanding Tóm tắt,health_invoicing
Outstanding amount if invoice exists,Outstanding Số tiền nếu Hóa đơn exists,health_invoicing
Overdue Client Payments,Quá hạn Khách hàng Thanh toán,health_invoicing
Overdue Clients,Quá hạn Khách hàng,health_invoicing
Package,Gói,health_invoicing
Package Bookings,Gói Đặt lịchs,health_invoicing
Package Configuration,Gói Cấu hình,health_invoicing
Package Count,Gói Số lượng,health_invoicing
Package Creation,Gói Creation,health_invoicing
Package Details,Gói Chi tiết,health_invoicing
Package Details & Notes,Gói Chi tiết & Ghi chú,health_invoicing
Package Duration (Weeks),Gói Thời lượng (Tuầns),health_invoicing
Package Instances,Gói Instances,health_invoicing
Package Name,Gói Tên,health_invoicing
Package Price,Gói Giá,health_invoicing
Package Pricing,Gói Pricing,health_invoicing
Package Product,Gói Sản phẩm,health_invoicing
Package Product Template,Gói Sản phẩm Mẫu,health_invoicing
Package Products,Gói Sản phẩms,health_invoicing
Package Service,Gói Dịch vụ,health_invoicing
Package Service Details,Gói Dịch vụ Chi tiết,health_invoicing
Package Service Type,Gói Dịch vụ Loại,health_invoicing
Package Service Value,Gói Dịch vụ Giá trị,health_invoicing
Package Summary,Gói Tóm tắt,health_invoicing
Package Terms & Conditions,Gói Terms & Conditions,health_invoicing
Package Type,Gói Loại,health_invoicing
"Package details, service descriptions, terms & conditions...","Gói Chi tiết, dịch vụ mô tảs, terms & conditions...",health_invoicing
Package price must be positive.,Gói giá must be positive.,health_invoicing
Package terms and conditions from product template,Gói terms và conditions Từ sản phẩm mẫu,health_invoicing
Package workflow completed. Check the patient record for package details.,Gói workflow đã hoàn thành. Kiểm tra the Bệnh nhân bản ghi cho gói Chi tiết.,health_invoicing
Packages,Góis,health_invoicing
Paid,Đã thanh toán,health_invoicing
Parent service package this consumption belongs to,Cha mẹ dịch vụ gói này consumption belongs Đến,health_invoicing
Partially Approved,Partially Phê duyệtd,health_invoicing
Partially Paid,Partially Đã thanh toán,health_invoicing
Password for MISA system access,Mật khẩu cho MISA hệ thống truy cập,health_invoicing
Patient Home,Bệnh nhân Trang chủ,health_invoicing
Patient Invoices,Bệnh nhân Hóa đơns,health_invoicing
Patient Name,Bệnh nhân Tên,health_invoicing
Patient Responsibility,Bệnh nhân Responsibility,health_invoicing
Patient and service details are correct,Bệnh nhân và dịch vụ Chi tiết are đúng,health_invoicing
Patient is required to create package instance.,Bệnh nhân là Bắt buộc Đến Tạo mới gói instance.,health_invoicing
Pay Later - Account Receivable Setup,Pay Sau - Acsố lượng Receivable Setup,health_invoicing
Pay Later - Deferred,Pay Sau - Deferred,health_invoicing
Pay Later - Payment After Service (Case 3),Pay Sau - Thanh toán After Dịch vụ (Case 3),health_invoicing
Pay Later - Send Invoice for Later Collection,Pay Sau - Gửi Hóa đơn cho Sau Collection,health_invoicing
Pay Later Collections,Pay Sau Collections,health_invoicing
Pay Now - Collect Payment Immediately,Pay Bây giờ - Collect Thanh toán Immediately,health_invoicing
Pay Now - Immediate,Pay Bây giờ - Immediate,health_invoicing
Pay Now - Payment Details,Pay Bây giờ - Thanh toán Chi tiết,health_invoicing
Pay Now - Payment on Completion (Case 1),Pay Bây giờ - Thanh toán trên Completion (Case 1),health_invoicing
Pay Now Transactions,Pay Bây giờ Transhành độngs,health_invoicing
Payment & Invoice Summary,Thanh toán & Hóa đơn Tóm tắt,health_invoicing
Payment Collected,Thanh toán Collected,health_invoicing
"Payment Collected Successfully!

💰 Cash collected: %s %s
⚠️  Please deliver cash to Operations Manager

Service completed and invoice submitted to Tax Authorities.","Thanh toán Collected Thành côngfully!

💰 Tiền mặt collected: %s %s
⚠️  Vui lòng deliver Tiền mặt Đến Vận hành Người quản lý

Dịch vụ đã hoàn thành và Hóa đơn submitted Đến Thuế Authorities.",health_invoicing
"Payment Collected Successfully!

💳 Payment method: %s
💰 Amount: %s %s

Service completed and invoice submitted to Tax Authorities.","Thanh toán Collected Thành côngfully!

💳 Phương thức thanh toán: %s
💰 Số tiền: %s %s

Dịch vụ đã hoàn thành và Hóa đơn submitted Đến Thuế Authorities.",health_invoicing
Payment Collection Wizard,Thanh toán Collection Công cụ,health_invoicing
Payment Count,Thanh toán Số lượng,health_invoicing
Payment Due Date,Thanh toán Hạn Ngày,health_invoicing
Payment Failed,Thanh toán Thất bại,health_invoicing
Payment Management,Thanh toán Quản lý,health_invoicing
Payment Option,Thanh toán Tùy chọn,health_invoicing
Payment Proof,Thanh toán Proof,health_invoicing
Payment Proof Documents,Thanh toán Proof Tài liệus,health_invoicing
Payment Proof Notes,Thanh toán Proof Ghi chú,health_invoicing
Payment Proof Required,Thanh toán Proof Bắt buộc,health_invoicing
Payment Status,Thanh toán Trạng thái,health_invoicing
Payment Summary,Thanh toán Tóm tắt,health_invoicing
Payment Sync,Thanh toán Đồng bộ,health_invoicing
Payment Terms,Thanh toán Terms,health_invoicing
Payment Transaction,Thanh toán Transhành động,health_invoicing
Payment Transactions,Thanh toán Transhành độngs,health_invoicing
Payment Workflow,Thanh toán Workflow,health_invoicing
Payment Workflow (per Invoicing.md),Thanh toán Workflow (per Invoicing.md),health_invoicing
Payment amount cannot exceed package price.,Thanh toán Số tiền cannot exceed gói giá.,health_invoicing
Payment amount must be positive.,Thanh toán Số tiền must be positive.,health_invoicing
Payment collection is only available for patients.,Thanh toán collection là only có sẵn cho Bệnh nhân.,health_invoicing
Payment is already refunded.,Thanh toán là already refunded.,health_invoicing
Payment is not pending delivery.,Thanh toán là not Đang chờ giao hàng.,health_invoicing
Payment method is required for Pay Now workflow.,Phương thức thanh toán là Bắt buộc cho Pay Bây giờ workflow.,health_invoicing
Payment proof is required for %s payments. Please take a photo/screenshot as proof.,Thanh toán proof là Bắt buộc cho %s thanh toán. Vui lòng take a photo/screenshot như là proof.,health_invoicing
Payment proof is required for %s payments. Please upload proof documents.,Thanh toán proof là Bắt buộc cho %s thanh toán. Vui lòng Tải lên proof tài liệus.,health_invoicing
Payment terms for pay later option,Thanh toán terms cho pay sau tùy chọn,health_invoicing
"Payment transactions are automatically created when nurses collect payments
                or when front desk processes prepaid packages and invoice collections.","Thanh toán transhành độngs are automatically Đã tạo khi nào y tás collect thanh toán
                hoặc khi nào front desk processes pređã thanh toán góis và Hóa đơn collections.",health_invoicing
Payment transactions are only available for patients.,Thanh toán transhành độngs are only có sẵn cho Bệnh nhân.,health_invoicing
Payment transactions for this service order,Thanh toán transhành độngs cho này dịch vụ thứ tự,health_invoicing
Payments,Thanh toán,health_invoicing
Payments & Transactions,Thanh toán & Transhành độngs,health_invoicing
Pending,Đang chờ,health_invoicing
Pending Submission,Đang chờ Submission,health_invoicing
Per Service,Per Dịch vụ,health_invoicing
Percentage covered by insurance,Phần trăm cquaed bởi Bảo hiểm,health_invoicing
Photo proof required for bank/card payments,Photo proof Bắt buộc cho bank/Thẻ thanh toán,health_invoicing
"Photo taken, transaction ID recorded, etc.","Photo taken, transhành động ID bản ghied, etc.",health_invoicing
"Photos or documents proving payment (e.g., bank transfer screenshots)","Photos hoặc tài liệus proving Thanh toán (e.g., bank transfer screenshots)",health_invoicing
"Photos/documents proving payment (bank transfers, cards, etc.)","Photos/tài liệus proving Thanh toán (bank transfers, thẻs, etc.)",health_invoicing
Physiotherapy Packages,Vật lý trị liệu Góis,health_invoicing
Please select a healthcare package product.,Vui lòng Chọn a Y tế gói sản phẩm.,health_invoicing
Please select at least one invoice to apply payment to.,Vui lòng Chọn tại ít nhất one Hóa đơn Đến Áp dụng Thanh toán Đến.,health_invoicing
Prepaid Consumptions (DEPRECATED),Pređã thanh toán Consumptions (DEPRECATED),health_invoicing
Prepaid Invoice,Pređã thanh toán Hóa đơn,health_invoicing
Prepaid Package Creation Wizard,Pređã thanh toán Gói Creation Công cụ,health_invoicing
Prepaid Service,Pređã thanh toán Dịch vụ,health_invoicing
"Prepaid Service Consumed!

🎁 Package: %s
✅ Services consumed: %d
📊 Services remaining: %d

Service completed and invoice submitted to Tax Authorities.","Pređã thanh toán Dịch vụ Consumed!

🎁 Gói: %s
✅ Dịch vụs consumed: %d
📊 Dịch vụs remaining: %d

Dịch vụ đã hoàn thành và Hóa đơn submitted Đến Thuế Authorities.",health_invoicing
Prepaid Service Consumption,Pređã thanh toán Dịch vụ Consumption,health_invoicing
Prepaid Service Package,Pređã thanh toán Dịch vụ Gói,health_invoicing
Prepaid Services,Pređã thanh toán Dịch vụs,health_invoicing
Prepaid consumption does not create separate AR payment.,Pređã thanh toán consumption does not Tạo mới sepatỷ lệ AR Thanh toán.,health_invoicing
Prepaid packages can only be created for patients.,Pređã thanh toán góis can only be Đã tạo cho Bệnh nhân.,health_invoicing
Prepaid service package to consume from (if any),Pređã thanh toán dịch vụ gói Đến consume Từ (nếu bất kỳ),health_invoicing
"Prepaid service packages allow patients to pre-purchase services at discounted rates.
                Packages automatically track service consumption with countdown functionality.","Pređã thanh toán dịch vụ góis allow Bệnh nhân Đến pre-purchase dịch vụs tại dissố lượnged tỷ lệs.
                Góis automatically theo dõi dịch vụ consumption với số lượngxuống functionality.",health_invoicing
Price Per Service,Giá Per Dịch vụ,health_invoicing
Price from selected package product,Giá Từ đã chọn gói sản phẩm,health_invoicing
Price per service from product template,Giá per dịch vụ Từ sản phẩm mẫu,health_invoicing
Price per service from selected package product,Giá per dịch vụ Từ đã chọn gói sản phẩm,health_invoicing
Primary Insurance Payment,Chính Bảo hiểm Thanh toán,health_invoicing
Process Payment,Xử lý Thanh toán,health_invoicing
Process Payment Now,Xử lý Thanh toán Bây giờ,health_invoicing
Process Payments,Xử lý Thanh toán,health_invoicing
Process healthcare service payments,Xử lý Y tế dịch vụ thanh toán,health_invoicing
Process payment for outstanding invoices,Xử lý Thanh toán cho outstanding hóa đơns,health_invoicing
Process payment for this invoice,Xử lý Thanh toán cho này Hóa đơn,health_invoicing
Process payment immediately after package creation,Xử lý Thanh toán immediately after gói creation,health_invoicing
"Process payments for completed healthcare services using Pay Now or Pay Later workflows.
                Automatically submit invoices to Vietnamese Tax Authorities.","Xử lý thanh toán cho đã hoàn thành Y tế dịch vụs using Pay Bây giờ hoặc Pay Sau workflows.
                Automatically Gửi hóa đơns Đến Tiếng Việt Thuế Authorities.",health_invoicing
Processing Information,Processing Thông tin,health_invoicing
Processing Options,Processing Tùy chọn,health_invoicing
Product Sync,Sản phẩm Đồng bộ,health_invoicing
Product Type,Loại sản phẩm,health_invoicing
Product template this package is based on,Sản phẩm mẫu này gói là based trên,health_invoicing
Professional Staff Time,Chuyên nghiệp Nhân viên Giờ,health_invoicing
Proof Docs,Chứng từ,health_invoicing
Proof Documents,Proof Tài liệus,health_invoicing
Proof Required,Proof Bắt buộc,health_invoicing
Purchase Date,Purchase Ngày,health_invoicing
Purchased This Month,Purchased Tháng này,health_invoicing
QR Code Payment,QR Mã Thanh toán,health_invoicing
Quantity Consumed,Số lượng Consumed,health_invoicing
Quick wizard to purchase and pay for package products,Quick công cụ Đến purchase và pay cho gói sản phẩms,health_invoicing
Ready to Invoice,Ready Đến Hóa đơn,health_invoicing
Reason for adjusting the calculated amount,Lý do cho adjusting the calculated Số tiền,health_invoicing
Reason for any adjustments made to the invoice,Lý do cho bất kỳ adjustments made Đến the Hóa đơn,health_invoicing
Reason for any invoice adjustments made by nurse...,Lý do cho bất kỳ Hóa đơn adjustments made bởi Y tá...,health_invoicing
Reason provided by nurse if payment amount was overridden,Lý do provided bởi Y tá nếu Thanh toán Số tiền was quaridden,health_invoicing
Received by OM,Nhậnd bởi OM,health_invoicing
Recent Payment Transactions,Recent Thanh toán Transhành độngs,health_invoicing
Recent Payments,Recent Thanh toán,health_invoicing
Reconciled in AR,Reconciled trong AR,health_invoicing
Record Model,Bản ghi Mô hình,health_invoicing
Reference number from tax authority submission,Tham chiếu Số Từ thuế cơ quan submission,health_invoicing
Refund,Hoàn tiền,health_invoicing
Refund Invoice,Refund Hóa đơn,health_invoicing
Refund Transaction,Refund Transhành động,health_invoicing
Refund Unused Services,Refund Unused Dịch vụs,health_invoicing
Register Payment,Đăng ký Thanh toán,health_invoicing
Rejected,Bị từ chối,health_invoicing
Related Records,Liên quan Bản ghis,health_invoicing
Related healthcare payment transaction,Liên quan Y tế Thanh toán transhành động,health_invoicing
Remaining Prepaid Value,Remaining Pređã thanh toán Giá trị,health_invoicing
Remaining value in prepaid packages,Remaining giá trị trong pređã thanh toán góis,health_invoicing
Remote/Telemedicine,Remote/Khám bệnh từ xa,health_invoicing
Reports,Báo cáo,health_invoicing
Required when discount > 0,Bắt buộc khi nào dissố lượng > 0,health_invoicing
Required when discount is applied,Bắt buộc khi nào dissố lượng là applied,health_invoicing
Running Low (< 5 services),Running Thấp (< 5 dịch vụs),health_invoicing
Sales Order Line,Dòng đơn bán hàng,health_invoicing
Search Healthcare Payments,Tìm kiếm Y tế Thanh toán,health_invoicing
Secondary Insurance Payment,Phụ Bảo hiểm Thanh toán,health_invoicing
Select Operations Manager...,Chọn Vận hành Người quản lý...,health_invoicing
Select a healthcare package product template,Chọn a Y tế gói sản phẩm mẫu,health_invoicing
Select a pre-configured healthcare package,Chọn a pre-configured Y tế gói,health_invoicing
Select a prepaid package (optional),Chọn a pređã thanh toán gói (Tùy chọn),health_invoicing
Select a prepaid service package to consume services from,Chọn a pređã thanh toán dịch vụ gói Đến consume dịch vụs Từ,health_invoicing
Select invoices to apply this payment to,Chọn hóa đơns Đến Áp dụng này Thanh toán Đến,health_invoicing
Select payment workflow according to Invoicing.md requirements,Chọn Thanh toán workflow according Đến Invoicing.md yêu cầus,health_invoicing
Select payment workflow as per Invoicing.md requirements,Chọn Thanh toán workflow như là per Invoicing.md yêu cầus,health_invoicing
Selected product must be a healthcare package type.,Đã chọn sản phẩm must be a Y tế gói Loại.,health_invoicing
Service,Dịch vụ,health_invoicing
Service Address,Dịch vụ Địa chỉ,health_invoicing
Service Billing,Dịch vụ Thanh toán,health_invoicing
Service Completed,Dịch vụ Đã hoàn thành,health_invoicing
Service Completed - Payment Collection,Dịch vụ Đã hoàn thành - Thanh toán Collection,health_invoicing
Service Consumed,Dịch vụ Consumed,health_invoicing
Service Consumption,Dịch vụ Consumption,health_invoicing
Service Consumption (DEPRECATED),Dịch vụ Consumption (DEPRECATED),health_invoicing
Service Consumptions,Dịch vụ Consumptions,health_invoicing
Service Count & Progress,Dịch vụ Số lượng & Progress,health_invoicing
Service Date,Dịch vụ Ngày,health_invoicing
Service Delivered By,Dịch vụ Delivered Bởi,health_invoicing
Service Deposit,Dịch vụ Deposit,health_invoicing
Service Duration (Hours),Dịch vụ Thời lượng (Giờs),health_invoicing
Service Duration (Minutes),Dịch vụ Thời lượng (Phúts),health_invoicing
Service Invoice,Dịch vụ Hóa đơn,health_invoicing
Service Location,Dịch vụ Vị trí,health_invoicing
Service Notes,Dịch vụ Ghi chú,health_invoicing
Service Orders,Dịch vụ Thứ tựs,health_invoicing
Service Orders - Package Consumption,Dịch vụ Thứ tựs - Gói Consumption,health_invoicing
Service Origin,Dịch vụ Origin,health_invoicing
Service Package,Dịch vụ Gói,health_invoicing
Service Refund,Dịch vụ Refund,health_invoicing
Service Summary,Dịch vụ Tóm tắt,health_invoicing
Service Value,Dịch vụ Giá trị,health_invoicing
Service Value:,Dịch vụ Giá trị:,health_invoicing
"Service consumptions are automatically created when nurses use
                prepaid packages during service delivery.","Dịch vụ consumptions are automatically Đã tạo khi nào y tás use
                pređã thanh toán góis during dịch vụ giao hàng.",health_invoicing
Service package if this is a prepaid payment,Dịch vụ gói nếu này là a pređã thanh toán Thanh toán,health_invoicing
Service packages are only available for patients.,Dịch vụ góis are only có sẵn cho Bệnh nhân.,health_invoicing
Service requires Ministry of Health reporting,Dịch vụ requires Ministry of Y tế Báo cáo,health_invoicing
Service type from selected package product,Dịch vụ Loại Từ đã chọn gói sản phẩm,health_invoicing
Services,Dịch vụs,health_invoicing
Services Consumed,Dịch vụs Consumed,health_invoicing
Services Consumed:,Dịch vụs Consumed:,health_invoicing
Services Exhausted,Dịch vụs Exhausted,health_invoicing
Services Remaining,Dịch vụs Remaining,health_invoicing
Services Used,Dịch vụs Used,health_invoicing
Services remaining in this package,Dịch vụs remaining trong này gói,health_invoicing
Services to Consume,Dịch vụs Đến Consume,health_invoicing
Specific tax code for healthcare service in Vietnam,Cụ thể thuế Mã cho Y tế dịch vụ trong Vietnam,health_invoicing
Staff Member,Nhân viên Member,health_invoicing
Staff Members,Nhân viên Members,health_invoicing
Staff Time (Hours),Nhân viên Giờ (Giờs),health_invoicing
Staff Time Tracking,Nhân viên Giờ Theo dõi,health_invoicing
Standard Odoo payment record for AR integration,Standard Odoo Thanh toán bản ghi cho AR integration,health_invoicing
Status of insurance claim processing,Trạng thái of Bảo hiểm claim processing,health_invoicing
Status of real-time submission to Vietnamese Tax Authorities,Trạng thái of real-Giờ submission Đến Tiếng Việt Thuế Authorities,health_invoicing
Streamlined package creation with invoice &amp; payment processing,Streamlined gói creation với Hóa đơn &amp; Thanh toán processing,health_invoicing
Submission Error,Submission Lỗi,health_invoicing
Submission will be done offline due to connectivity issues,Submission will be Hoàn tất offline hạn Đến connectivity issues,health_invoicing
Submitted,Đã gửi,health_invoicing
Sync Date,Đồng bộ Ngày,health_invoicing
Sync Error,Đồng bộ Lỗi,health_invoicing
Sync Errors Count,Đồng bộ Lỗis Số lượng,health_invoicing
Sync Frequency,Đồng bộ Tần suất,health_invoicing
Sync Status,Đồng bộ Trạng thái,health_invoicing
Sync Type,Đồng bộ Loại,health_invoicing
Synced,Đồng bộed,health_invoicing
Synchronization status with MISA accounting system,Đồng bộhronization Trạng thái với MISA acsố lượnging hệ thống,health_invoicing
Syncing,Đồng bộing,health_invoicing
"Take photo/screenshot of bank transfer, card payment, or QR code confirmation","Take photo/screenshot of bank transfer, Thẻ Thanh toán, hoặc QR Mã xác nhậnation",health_invoicing
Tax Authority & Compliance,Thuế Cơ quan & Tuân thủ,health_invoicing
Tax Authority Status,Thuế Cơ quan Trạng thái,health_invoicing
Tax Submission Date,Thuế Submission Ngày,health_invoicing
Tax Submission Error,Thuế Submission Lỗi,health_invoicing
Tax Submission Reference,Thuế Submission Tham chiếu,health_invoicing
Tax Submission Required,Thuế Submission Bắt buộc,health_invoicing
Tax code for Vietnamese tax authority submission,Thuế Mã cho Tiếng Việt thuế cơ quan submission,health_invoicing
Terms and conditions from product template,Terms và conditions Từ sản phẩm mẫu,health_invoicing
"Terms, conditions, and service details for this package","Terms, conditions, và dịch vụ Chi tiết cho này gói",health_invoicing
This consumption is already marked as invoiced.,Này consumption là already marked như là hóa đơnd.,health_invoicing
This consumption is already refunded.,Này consumption là already refunded.,health_invoicing
"This dashboard shows all outstanding payments from patients.
                Use filters to find overdue payments, high-value receivables, or analyze payment patterns.","Này Bảng điều khiển shows Tất cả outstanding thanh toán Từ Bệnh nhân.
                Use Bộ lọc Đến find quá hạn thanh toán, Cao-giá trị receivables, hoặc analyze Thanh toán patterns.",health_invoicing
"This dashboard tracks cash payments collected by nurses that need
                to be delivered to the Operations Manager.","Này Bảng điều khiển theo dõis Tiền mặt thanh toán collected bởi y tás đó nhu cầu
                Đến be delivered Đến the Vận hành Người quản lý.",health_invoicing
This invoice has insurance claim processing,Này Hóa đơn has Bảo hiểm claim processing,health_invoicing
This invoice is already paid or in payment process.,Này Hóa đơn là already đã thanh toán hoặc trong Thanh toán Xử lý.,health_invoicing
This line item is covered by health insurance,Này line item là cquaed bởi Y tế Bảo hiểm,health_invoicing
This service has already been invoiced.,Này dịch vụ has already been hóa đơnd.,health_invoicing
"This view shows both healthcare service packages (physiotherapy, consultations, etc.)
                and healthcare supplies (syringes, bandages, medications) in one unified catalog.
                Both can be added to patient invoices as line items.","Này Xem shows cả hai Y tế dịch vụ góis (vật lý trị liệu, tư vấns, etc.)
                và Y tế supplies (syringes, bandages, thuốcs) trong one unified catalog.
                Cả hai can be đã thêm Đến Bệnh nhân hóa đơns như là line items.",health_invoicing
"This view shows patients with overdue payments that require follow-up.
                Use the contact information to reach out to patients for payment collection.","Này Xem shows Bệnh nhân với quá hạn thanh toán đó require Theo dõi.
                Use the Liên hệ thông tin Đến rmỗi out Đến Bệnh nhân cho Thanh toán collection.",health_invoicing
Time when invoice will be submitted to Tax Department,Giờ khi nào Hóa đơn will be submitted Đến Thuế Department,health_invoicing
Time when invoice will be submitted when system becomes available,Giờ khi nào Hóa đơn will be submitted khi nào hệ thống becomes có sẵn,health_invoicing
Total Balance,Tổng cộng Balance,health_invoicing
Total Consumption Value,Tổng cộng Consumption Giá trị,health_invoicing
Total Credit,Tổng cộng Crchỉnh sửa,health_invoicing
Total Debit,Tổng cộng Debit,health_invoicing
Total Discount Amount,Tổng cộng Dissố lượng Số tiền,health_invoicing
Total Due,Tổng cộng Hạn,health_invoicing
Total Invoiced,Tổng tiền đã lập hóa đơn,health_invoicing
Total Invoices Synced,Tổng cộng Hóa đơns Đồng bộed,health_invoicing
Total Outstanding,Tổng cộng Outstanding,health_invoicing
Total Paid,Tổng cộng Đã thanh toán,health_invoicing
Total Payments Synced,Tổng cộng Thanh toán Đồng bộed,health_invoicing
Total Prepaid Value,Tổng cộng Pređã thanh toán Giá trị,health_invoicing
Total Services,Tổng cộng Dịch vụs,health_invoicing
Total Services Consumed,Tổng cộng Dịch vụs Consumed,health_invoicing
Total amount discounted across all lines,Tổng cộng Số tiền dissố lượnged ngang qua Tất cả lines,health_invoicing
Total amount outstanding on selected invoices,Tổng cộng Số tiền outstanding trên đã chọn hóa đơns,health_invoicing
Total amount paid for this service,Tổng cộng Số tiền đã thanh toán cho này dịch vụ,health_invoicing
Total billing amount,Tổng cộng thanh toán Số tiền,health_invoicing
Total duration of healthcare service,Tổng cộng Thời lượng of Y tế dịch vụ,health_invoicing
Total number of invoices synchronized to MISA,Tổng cộng Số of hóa đơns đồng bộhronized Đến MISA,health_invoicing
Total number of payments synchronized to MISA,Tổng cộng Số of thanh toán đồng bộhronized Đến MISA,health_invoicing
Total number of services included in this package,Tổng cộng Số of dịch vụs included trong này gói,health_invoicing
Total number of services or visits included in this package,Tổng cộng Số of dịch vụs hoặc Lần khám included trong này gói,health_invoicing
Total price paid for this package,Tổng cộng giá đã thanh toán cho này gói,health_invoicing
Total services must be at least 1.,Tổng cộng dịch vụs must be tại ít nhất 1.,health_invoicing
Total staff time billed for this service,Tổng cộng nhân viên Giờ billed cho này dịch vụ,health_invoicing
Total value of all prepaid packages,Tổng cộng giá trị of Tất cả pređã thanh toán góis,health_invoicing
Total value of this consumption (quantity × unit value),Tổng cộng giá trị of này consumption (số lượng × đơn vị giá trị),health_invoicing
"Track billing for healthcare services including home visits, clinic visits, and other medical services.
                Manage insurance claims and generate invoices automatically with Vietnamese tax compliance.","Theo dõi thanh toán cho Y tế dịch vụs bao gồm Khám tại nhà, Phòng khám Lần khám, và Khác Y khoa dịch vụs.
                Manage Bảo hiểm claims và genetỷ lệ hóa đơns automatically với Tiếng Việt thuế tuân thủ.",health_invoicing
Transaction Date,Transhành động Ngày,health_invoicing
Transaction Details,Transhành động Chi tiết,health_invoicing
Transaction Notes,Transhành động Ghi chú,health_invoicing
Transaction Reference,Transhành động Tham chiếu,health_invoicing
Transaction Summary,Transhành động Tóm tắt,health_invoicing
Transaction Type,Transhành động Loại,health_invoicing
Transaction is not pending delivery.,Transhành động là not Đang chờ giao hàng.,health_invoicing
Travel Distance (km),Travel Khoảng cách (km),health_invoicing
Travel Expenses,Chi phí đi lại,health_invoicing
Travel distance for home visit billing,Travel Khoảng cách cho Khám tại nhà thanh toán,health_invoicing
Travel expenses for home visits,Travel expenses cho Khám tại nhà,health_invoicing
Treatment/Procedure,Điều trị/Procedure,health_invoicing
True if any invoice line has a discount applied,Đúng nếu bất kỳ Hóa đơn line has a dissố lượng applied,health_invoicing
True if this FSO consumes from a prepaid package,Đúng nếu này FSO consumes Từ a pređã thanh toán gói,health_invoicing
True if this product is a healthcare service package,Đúng nếu này sản phẩm là a Y tế dịch vụ gói,health_invoicing
Type of healthcare payment,Loại of Y tế Thanh toán,health_invoicing
Type of healthcare service billed,Loại of Y tế dịch vụ billed,health_invoicing
Type of healthcare service included in this package,Loại of Y tế dịch vụ included trong này gói,health_invoicing
Type of payment transaction,Loại of Thanh toán transhành động,health_invoicing
Unique reference for this service consumption,Unique Tham chiếu cho này dịch vụ consumption,health_invoicing
Unique transaction reference number,Unique transhành động Tham chiếu Số,health_invoicing
Unit Service Value,Đơn vị Dịch vụ Giá trị,health_invoicing
Unpaid,Unđã thanh toán,health_invoicing
Upload Payment Proof,Tải lên Thanh toán Proof,health_invoicing
Upload photos or documents as payment proof,Tải lên photos hoặc tài liệus như là Thanh toán proof,health_invoicing
"Upload photos or documents as proof of payment (required for bank transfers, cards, QR payments)","Tải lên photos hoặc tài liệus như là proof of Thanh toán (Bắt buộc cho bank transfers, thẻs, QR thanh toán)",health_invoicing
Urgency Surcharge,Khẩn cấp Surcharge,health_invoicing
Use Prepaid Package,Use Pređã thanh toán Gói,health_invoicing
Username for MISA system access,Người dùngtên cho MISA hệ thống truy cập,health_invoicing
Users who can process insurance claims and manage insurance-related billing,Người dùngs ai can Xử lý Bảo hiểm claims và manage Bảo hiểm-Liên quan thanh toán,health_invoicing
Users who can submit invoices to Vietnamese Tax Authorities and manage compliance,Người dùngs ai can Gửi hóa đơns Đến Tiếng Việt Thuế Authorities và manage tuân thủ,health_invoicing
Validity period for this package in weeks,Validity kỳ cho này gói trong tuầns,health_invoicing
Value of services consumed from package,Giá trị of dịch vụs consumed Từ gói,health_invoicing
Vietnamese Citizen ID for tax compliance,Tiếng Việt Công dân ID cho thuế tuân thủ,health_invoicing
Vietnamese Service Code,Tiếng Việt Dịch vụ Mã,health_invoicing
Vietnamese Service Tax Code,Tiếng Việt Dịch vụ Thuế Mã,health_invoicing
Vietnamese Tax Authority,Tiếng Việt Thuế Cơ quan,health_invoicing
Vietnamese Tax Authority API not configured. Please contact administrator.,Tiếng Việt Thuế Cơ quan API not configured. Vui lòng Liên hệ quản trị viên.,health_invoicing
Vietnamese Tax Code,Tiếng Việt Thuế Mã,health_invoicing
Vietnamese Tax Compliance,Tiếng Việt Thuế Tuân thủ,health_invoicing
Vietnamese Tax Mappings,Tiếng Việt Thuế Mappings,health_invoicing
Warning,Cảnh báo,health_invoicing
When cash is being delivered to OM,Khi nào Tiền mặt là being delivered Đến OM,health_invoicing
Where services in this package are typically delivered,Ở đâu dịch vụs trong này gói are điển hình delivered,health_invoicing
Where this service was delivered,Ở đâu này dịch vụ was delivered,health_invoicing
Whether payment proof is required,Whether Thanh toán proof là Bắt buộc,health_invoicing
Whether payment proof is required for this method,Whether Thanh toán proof là Bắt buộc cho này phương thức,health_invoicing
Whether this FSO has been invoiced,Whether này FSO has been hóa đơnd,health_invoicing
Whether this payment has been reconciled in Accounts Receivable,Whether này Thanh toán has been reconciled trong Acsố lượngs Receivable,health_invoicing
client has insurance coverage for this service,Khách hàng has Bảo hiểm bao phủ cho này dịch vụ,health_invoicing
client is responsible for,Khách hàng là Người phụ trách cho,health_invoicing
client making or benefiting from this payment,Khách hàng making hoặc benefiting Từ này Thanh toán,health_invoicing
client making the payment,Khách hàng making the Thanh toán,health_invoicing
client package instances for this product,Khách hàng gói instances cho này sản phẩm,health_invoicing
client purchasing this prepaid package,Khách hàng purchasing này pređã thanh toán gói,health_invoicing
client receiving the service,Khách hàng nhận the dịch vụ,health_invoicing
client who consumed this service,Khách hàng ai consumed này dịch vụ,health_invoicing
client who made the payment,Khách hàng ai made the Thanh toán,health_invoicing
client who purchased this package,Khách hàng ai purchased này gói,health_invoicing
client who received the service,Khách hàng ai nhậnd the dịch vụ,health_invoicing
client will use to pay,Khách hàng will use Đến pay,health_invoicing
services remaining in this package.,dịch vụs remaining trong này gói.,health_invoicing
"services used
                                            <br/>","dịch vụs used
                                            <br/>",health_invoicing
used,đã dùng,health_invoicing
__ Prepaid Package Consumption,🎁 Pređã thanh toán Gói Consumption,health_invoicing
__ Quick Package Purchase,🎁 Quick Gói Purchase,health_invoicing
__ Collect Payment Now,💰 Collect Thanh toán Bây giờ,health_invoicing
__ Complete Service & Collect Payment,💰 Hoàn thành Dịch vụ & Collect Thanh toán,health_invoicing
__ Confirm Cash Delivery,💰 Xác nhận Tiền mặt Giao hàng,health_invoicing
__ Confirm Cash Receipt,💰 Xác nhận Tiền mặt Biên lai,health_invoicing
__ Payment Collection,💰 Thanh toán Collection,health_invoicing
__ Payment Method,💳 Phương thức thanh toán,health_invoicing
__ Process Payment,💳 Xử lý Thanh toán,health_invoicing
__ Create Service Booking,📅 Tạo mới Dịch vụ Đặt lịch,health_invoicing
__ Service Notes,📝 Dịch vụ Ghi chú,health_invoicing
__ Service Package Integration,📦 Dịch vụ Gói Integration,health_invoicing
__ Send Invoice (Pay Later),📧 Gửi Hóa đơn (Pay Sau),health_invoicing
__ Payment Proof,📸 Thanh toán Proof,health_invoicing
__ Invoice Processing,🧾 Hóa đơn Processing,health_invoicing
""".<br/>
                        Please select the correct client from the list below, or create a new client.",""".<br/>
                        Vui lòng Chọn the đúng Khách hàng Từ the danh sách bên dưới, hoặc Tạo mới a Khách hàng mới.",health_crm
%s added as %s for %s,%s đã thêm như là %s cho %s,health_crm
%s is now the primary %s for %s,%s hiện là chính %s cho %s,health_crm
"<i class=""fa fa-calendar-check-o text-primary""/> Schedule Appointments","<i class=""fa fa-calendar-check-o text-primary""/> Lịch trình Các cuộc hẹn",health_crm
"<i class=""fa fa-check-circle text-success""/> Medical Decisions","<i class=""fa fa-check-circle text-success""/> Y khoa Quyết địnhs",health_crm
"<i class=""fa fa-file-medical text-info""/> Medical Info Access","<i class=""fa fa-file-medical text-info""/> Y khoa Thông tin Truy cập",health_crm
"<i class=""fa fa-star""/> PRIMARY","<i class=""fa fa-star""/> PRIMARY",health_crm
"<option value=""convert"">Convert to contact</option>
                    <option value=""merge"">Merge with existing contacts</option>","<option value=""convert"">Chuyển đổi sang liên hệ</option>
                    <option value=""merge"">Gộp với hiện có liên hệ</option>",health_crm
"<span class=""o_form_label"" style=""font-size: 12px; color: #666; display: block;"">Contact ID</span>","<span class=""o_form_label"" style=""font-size: 12px; color: #666; display: block;"">Liên hệ ID</span>",health_crm
"<span class=""o_stat_text"">Create</span>
                        <span class=""o_stat_text"">Healthcare Lead</span>","<span class=""o_stat_text"">Tạo mới</span>
                        <span class=""o_stat_text"">Y tế Tiềm năng</span>",health_crm
"<span class=""o_stat_text"">Network Graph</span>","<span class=""o_stat_text"">Mạng lưới Biểu đồ</span>",health_crm
"<strong>Multiple clients found!</strong><br/>
                        We found multiple patients with the name \","<strong>Nhiều Khách hàng được tìm thấy!</strong><br/>
                        Chúng tôi được tìm thấy nhiều Bệnh nhân với Tên \",health_crm
"A healthcare contact is a potential patient, caregiver, or payer who has shown interest in your services. 
                Use this section to manage your healthcare relationships and track your interactions.","A Y tế Liên hệ là a tiềm năng Bệnh nhân, Người chăm sóc, hoặc Người thanh toán người đã thể hiện quan tâm đến dịch vụ của bạn. 
                Sử dụng phần này Đến quản lý Y tế mối quan hệ và theo dõi tương tác.",health_crm
A person cannot be their own representative.,Một người không thể là người đại diện của chính họ.,health_crm
A relationship already exists between %s and %s for role %s.,A mối quan hệ đã tồn tại giữa %s và %s cho vai trò %s.,health_crm
Add,Thêm,health_crm
Add %s,Thêm %s,health_crm
Add Relationship,Thêm Mối quan hệ,health_crm
Add Relationship Wizard,Thêm Mối quan hệ Công cụ,health_crm
Additional Information,Thông tin bổ sung,health_crm
Additional notes about this relationship,Bổ sung Ghi chú về điều này mối quan hệ,health_crm
All Caregivers,Tất cả Người chăm sócs,health_crm
All Emergency Contacts,Tất cả Khẩn cấp Liên hệs,health_crm
All Legal Guardians,Tất cả Pháp lý Người giám hộs,health_crm
All Payers,Tất cả Người thanh toáns,health_crm
All Referrers,Tất cả Người giới thiệus,health_crm
All Relationships,Tất cả Mối quan hệs,health_crm
All Relationships - %s,Tất cả Mối quan hệs - %s,health_crm
Analytics & Tracking,Analytics & Theo dõi,health_crm
Applicable To,Áp dụng Đến,health_crm
Appointment Count,Cuộc hẹn Số lượng,health_crm
Appointments,Các cuộc hẹn,health_crm
Appointments generated from this lead,Các cuộc hẹn geneđánh giád Từ này tiềm năng,health_crm
Arrows:,Mũi têns:,health_crm
Assign this contact to,Phân công này Liên hệ Đến,health_crm
Associated healthcare facility for this lead,Liên kết Cơ sở y tế cho này tiềm năng,health_crm
Authority that issued the legal document,Cơ quan đã cấp tài liệu pháp lý,health_crm
Auto-computed: This person is a client representative (based on health.client.relation),Auto-computed: Này person là a Khách hàng người đại diện (based trên Y tế.Khách hàng.relation),health_crm
Auto-computed: This person is a healthcare provider (based on health.client.relation),Auto-computed: Này person là a Y tế nhà cung cấp (based trên Y tế.Khách hàng.relation),health_crm
Auto-computed: This person is a legal guardian (based on health.client.relation),Auto-computed: Này person là a pháp lý người giám hộ (based trên Y tế.Khách hàng.relation),health_crm
Auto-computed: This person is responsible for payment (based on health.client.relation),Auto-computed: Này person là Người phụ trách cho Thanh toán (based trên Y tế.Khách hàng.relation)Auto-computed: Này person là Người phụ trách cho Thanh toán (based trên Y tế.Khách hàng.relation),health_crm
Auto-computed: This person serves as emergency contact (based on health.client.relation),Auto-computed: Này person đóng vai trò là Liên hệ khẩn cấp (based trên Y tế.Khách hàng.relation)Auto-computed: Này person đóng vai trò là Liên hệ khẩn cấp (based trên Y tế.Khách hàng.relation),health_crm
Auto-record with override capability (from Excel),Auto-bản ghi với khả năng ghi đè (Từ Excel),health_crm
Available Clients,Có sẵn Khách hàng,health_crm
Birth Certificate (Giấy khai sinh),Sinh Giấy chứng nhận (Giấy khai sinh),health_crm
Booking Completed,Đặt lịch Đã hoàn thành,health_crm
Booking Confirmed,Đặt lịch Đã xác nhận,health_crm
Booking Lost,Đặt lịch Thất bại,health_crm
Booking Pending,Đặt lịch Đang chờ,health_crm
Booking Status,Đặt lịch Trạng thái,health_crm
Both,Cả hai,health_crm
CCCD Number,CCCD Số,health_crm
CRM Contact,CRM Liên hệ,health_crm
CRM Contacts,CRM Liên hệs,health_crm
CRM Manager,CRM Quản lý,health_crm
CRM User,CRM Người dùng,health_crm
Campaign,Chiến dịch,health_crm
Can Make Medical Decisions,Can Thực hiện Y khoa Quyết địnhs,health_crm
Can Receive Medical Information,Can Nhận Thông tin y tế,health_crm
Can Schedule Appointments,Can Lịch trình Các cuộc hẹn,health_crm
Can make medical decisions for the client,Can thực hiện Y khoa quyết địnhs cho the Khách hàng,health_crm
Can receive medical information about the client,Can Nhận Thông tin y tế about the Khách hàng,health_crm
Can schedule appointments for the client,Can Lịch trình Các cuộc hẹn cho the Khách hàng,health_crm
Care Team,Care Đội,health_crm
Caregiver,Người chăm sóc,health_crm
Caregivers,Người chăm sócs,health_crm
Category of contact reason for reporting purposes,Danh mục of Liên hệ lý do cho Báo cáo purposes,health_crm
Category of lead reason for reporting purposes,Danh mục of tiềm năng lý do cho Báo cáo purposes,health_crm
Central,Miền Trung,health_crm
Check browser console for details,Kiểm tra trình duyệt bảng điều khiển cho Chi tiết,health_crm
Child,Con,health_crm
Chronic Disease Management,Mãn tính Bệnh Quản lý,health_crm
Client Name is required when you are not the client yourself. Please provide the name of the actual client/patient.,Khách hàng Tên là Bắt buộc khi nào you are not the Khách hàng của bạnself. Vui lòng provide the Tên of the actual Khách hàng/Bệnh nhân.,health_crm
Client Representative,Khách hàng Người đại diện,health_crm
Client Selection Wizard,Khách hàng Lựa chọn Công cụ,health_crm
Client/Patient,Khách hàng/Bệnh nhân,health_crm
Client/client in this relationship,Khách hàng/Khách hàng trong này mối quan hệ,health_crm
Clients I Represent,Khách hàng I Đại diện,health_crm
Clients I'm Emergency Contact For,Khách hàng I'm Liên hệ khẩn cấp Cho,health_crm
Clients I'm Legal Guardian For,Khách hàng I'm Pháp lý Người giám hộ Cho,health_crm
Clinic Services,Phòng khám Dịch vụs,health_crm
Clinical Priority,Lâm sàng Ưu tiên,health_crm
Clinical urgency classification,Lâm sàng khẩn cấp phân loại,health_crm
Closed On,Đóngd Trên,health_crm
Community Outreach,Cộng đồng Tiếp cận,health_crm
Complete Representative Details,Hoàn thành Người đại diện Chi tiết,health_crm
Computed display name for this relationship,Computed display Tên cho này mối quan hệ,health_crm
Contact %s already has a primary representative. Please uncheck the other primary representative first.,Liên hệ %s already has a chính người đại diện. Vui lòng unkiểm tra the Khác chính người đại diện đầu tiên.,health_crm
Contact Classification,Liên hệ Phân loại,health_crm
Contact Date/Time,Liên hệ Ngày/Giờ,health_crm
Contact Details,Thông tin liên hệ,health_crm
Contact Name,Liên hệ Tên,health_crm
Contact Outcome,Liên hệ Kết quả,health_crm
Contact Priority Order,Liên hệ Ưu tiên Thứ tự,health_crm
Contact Reason,Liên hệ Lý do,health_crm
Contact Reason Name,Liên hệ Lý do Tên,health_crm
Contact Reasons,Liên hệ Lý dos,health_crm
Contact Source,Liên hệ Nguồn,health_crm
Contact Type,Liên hệ Loại,health_crm
Contact name,Liên hệ Tên,health_crm
Contact name...,Liên hệ Tên...,health_crm
Contact priority order (1=highest priority),Liên hệ Ưu tiên thứ tự (1=caoest Ưu tiên),health_crm
"Contact reasons help categorize why contacts are reaching out to your healthcare organization.
                This is useful for Sales and Operations Management reporting.","Liên hệ lý dos Trợ giúp categorize tại sao liên hệ are rmỗiing out Đến của bạn Y tế organization.
                Này là useful cho Kinh doanh và Vận hành Quản lý Báo cáo.",health_crm
Contacted,Liên hệed,health_crm
Contacts,Liên hệs,health_crm
Convert Lead to Opportunity (not in mass),Chuyển đổi tiềm năng thành cơ hội (không phải hàng loạt) ,health_crm
Convert to Booking,Chuyển đổi Đến Đặt lịch,health_crm
Convert to Contact,Chuyển đổi Đến Liên hệ,health_crm
Create Contact,Tạo mới Liên hệ,health_crm
Create New Client,Tạo mới Khách hàng mới,health_crm
Create Vietnamese provinces and cities!,Tạo mới Tiếng Việt tỉnh và thành phố!,health_crm
Create contact reasons for CRM leads!,Tạo mới Liên hệ lý dos cho CRM tiềm năngs!,health_crm
Create healthcare relationships between clients and their representatives!,Tạo mới Y tế mối quan hệ giữa Khách hàng và của họ người đại diệns!,health_crm
Create lead reasons for CRM opportunities!,Tạo mới tiềm năng lý dos cho CRM opportđơn vịies!,health_crm
Create your first healthcare contact!,Tạo mới của bạn đầu tiên Y tế Liên hệ!,health_crm
Created On,Đã tạo Trên,health_crm
Customer Support,Khách hàng Hỗ trợ,health_crm
Date Range,Ngày Phạm vi,health_crm
Date the legal document was issued,Ngày the tài liệu pháp lý đã được cấp,health_crm
Days Open,Ngày để phân công,health_crm
Days to Close,Ngày để chốt,health_crm
Detailed description of when to use this contact reason...,Chi tiết Mô tả of khi nào Đến use này Liên hệ lý do...,health_crm
Detailed description of when to use this lead reason...,Chi tiết Mô tả of khi nào Đến use này tiềm năng lý do...,health_crm
Detailed description of when to use this reason,Chi tiết Mô tả of khi nào Đến use này lý do,health_crm
Detailed reason if the lead was rejected or lost,Chi tiết lý do nếu the tiềm năng đã bị từ chối hoặc thất bại,health_crm
Distance from Clinic (km),Khoảng cách Từ Phòng khám (km),health_crm
Distance from nearest clinic,Khoảng cách Từ gần nhất Phòng khám,health_crm
Document Issue Date,Tài liệu Issue Ngày,health_crm
Document number or reference,Tài liệu Số hoặc Tham chiếu,health_crm
Duration Tracking,Thời lượng Theo dõi,health_crm
Elderly Care,Chăm sóc người cao tuổi,health_crm
Email Inquiry,Email Yêu cầu,health_crm
Emergency Contact Relationship,Liên hệ khẩn cấp Mối quan hệ,health_crm
Emergency Contacts,Khẩn cấp Liên hệs,health_crm
Emergency Need,Khẩn cấp Nhu cầu,health_crm
Emergency contact for this lead,Liên hệ khẩn cấp cho này tiềm năng,health_crm
End Date,Ngày kết thúc,health_crm
End date cannot be before start date.,Ngày kết thúc cannot be trước Ngày bắt đầu.,health_crm
English,Tiếng Anh,health_crm
English name of the province/city,Tiếng Anh Tên of the Tỉnh/Thành phố,health_crm
Enter client name...,Nhập Khách hàng Tên...,health_crm
Event/Fair,Sự kiện/Fair,health_crm
Facebook Advertisement,Facebook Quảng cáo,health_crm
Facebook Profile,Facebook Protập tin,health_crm
Facebook profile,Facebook protập tin,health_crm
Facebook profile URL or username,Facebook protập tin URL hoặc người dùngtên,health_crm
Family Member,Thành viên gia đình,health_crm
Family Registration Book (Sổ hộ khẩu),Family Đăng ký Book (Sổ hộ khẩu),health_crm
Financial Responsibility,Trách nhiệm tài chính,health_crm
Financial Responsibility %,Trách nhiệm tài chính %,health_crm
Financial responsibility must be between 0 and 100%.,Financial responsibility must be giữa 0 và 100%.,health_crm
Follow-up Contact,Theo dõi Liên hệ,health_crm
Follow-up Count,Theo dõi Số lượng,health_crm
Follow-up Management,Theo dõi Quản lý,health_crm
Follow-up Opportunity,Theo dõi Cơ hội,health_crm
For Leads,Cho Tiềm năngs,health_crm
For Opportunities,Cho Opportđơn vịies,health_crm
Friend,Bạn bè,health_crm
From Excel: Booking Status [Compulsory],Từ Excel: Đặt lịch Trạng thái [Compulsory],health_crm
From Excel: Contact Outcome field,Từ Excel: Liên hệ Kết quả trường,health_crm
From Excel: How the contact was initiated,Từ Excel: Như thế nào the Liên hệ was initiated,health_crm
From Excel: Lead Status field,Từ Excel: Tiềm năng Trạng thái trường,health_crm
From Excel: next_action_at [Compulsory] - When next action should be taken,Từ Excel: tiếp theo_hành động_at [Compulsory] - Khi nào Tiếp theo hành động should be taken,health_crm
Future Opportunity,Future Cơ hội,health_crm
GPS coordinates for home visits,Tọa độ GPS cho Khám tại nhà,health_crm
General healthcare-related notes,Chung Y tế-Liên quan Ghi chú,health_crm
Geographic areas this contact is associated with,Geobiểu đồic diện tíchs này Liên hệ là liên kết với,health_crm
Geographic region of Vietnam,Geobiểu đồic vùng of Vietnam,health_crm
Grandchild,Grandcon,health_crm
Grandparent,Grandcha mẹ,health_crm
Guardianship Order (Lệnh giám hộ),Người giám hộship Thứ tự (Lệnh giám hộ),health_crm
Has Health Insurance,Has Y tế Bảo hiểm,health_crm
Health Assessment,Y tế Đánh giá,health_crm
Health Event/Fair,Y tế Sự kiện/Fair,health_crm
Health Fair,Y tế Fair,health_crm
Healthcare CRM,Y tế CRM,health_crm
Healthcare CRM managers can configure CRM settings and manage all leads,Y tế CRM quản lýs can configure CRM Cài đặt và manage Tất cả tiềm năngs,health_crm
Healthcare CRM users can view and manage leads and opportunities,Y tế CRM người dùngs can Xem và manage tiềm năngs và opportđơn vịies,health_crm
Healthcare Client Relationship,Y tế Khách hàng Mối quan hệ,health_crm
Healthcare Client Relationships,Y tế Khách hàng Mối quan hệs,health_crm
Healthcare Client ↔ Representative Relationship,Y tế Khách hàng ↔ Người đại diện Mối quan hệ,health_crm
Healthcare Contact Reason,Y tế Liên hệ Lý do,health_crm
Healthcare Contact Reasons,Y tế Liên hệ Lý dos,health_crm
Healthcare Customer Relationship Management,Y tế Khách hàng Mối quan hệ Quản lý,health_crm
Healthcare Info,Y tế Thông tin,health_crm
Healthcare Lead,Y tế Tiềm năng,health_crm
Healthcare Lead Reason,Y tế Tiềm năng Lý do,health_crm
Healthcare Lead Reasons,Y tế Tiềm năng Lý dos,health_crm
Healthcare Lead Source,Y tế Tiềm năng Nguồn,health_crm
Healthcare Notes,Y tế Ghi chú,health_crm
Healthcare Outcome,Y tế Kết quả,health_crm
Healthcare Permissions,Y tế Quyềns,health_crm
Healthcare Preferences,Y tế Tùy chỉnh,health_crm
Healthcare Proxy,Y tế Proxy,health_crm
Healthcare Relationships,Y tế Mối quan hệs,health_crm
Healthcare Relationships Dashboard,Y tế Mối quan hệs Bảng điều khiển,health_crm
Healthcare Roles,Y tế Vai tròs,health_crm
"Healthcare relationships define connections between patients/clients and the people who support them.
                This includes caregivers, payers, referrers, emergency contacts, and legal guardians.","Y tế mối quan hệ define connections giữa Bệnh nhân/Khách hàng và the people ai hỗ trợ them.
                Này includes người chăm sócs, người thanh toáns, người giới thiệus, Khẩn cấp liên hệ, và pháp lý người giám hộs.",health_crm
Healthcare-related notes and observations...,Y tế-Liên quan Ghi chú và quan sáts...,health_crm
Hierarchy View,Hệ thống phân cấp Xem,health_crm
Home Visit Services,Khám tại nhà Dịch vụs,health_crm
Home Visit Specialists,Khám tại nhà Speciadanh sáchs,health_crm
I am the:,Tôi là:,health_crm
"If you see this, the widget system is working correctly.","Nếu you see này, the tiện ích hệ thống là working đúngly.",health_crm
Inbound Call,Cuộc gọi đến,health_crm
Initial Contact,Ban đầu Liên hệ,health_crm
Interactive force-directed graph • Drag nodes to reposition • Hover for details,Tương tác biểu đồ lực hướng • Kéo nút Đến đặt lại vị trí • Di chuột cho Chi tiết,health_crm
Internal Notes,Nội bộ Ghi chú,health_crm
Internal notes about this healthcare contact...,Nội bộ Ghi chú về điều này Y tế Liên hệ...,health_crm
Is Client Representative,Là Khách hàng Người đại diện,health_crm
Is Healthcare Provider,Là Y tế Nhà cung cấp,health_crm
Is Legal Guardian,Là Pháp lý Người giám hộ,health_crm
Is Representative,Là Người đại diện,health_crm
Is this province currently active?,Là này Tỉnh hiện tại Đang hoạt động?,health_crm
Is this reason currently active?,Là này lý do hiện tại Đang hoạt động?,health_crm
Is this relationship currently active?,Là này mối quan hệ hiện tại Đang hoạt động?,health_crm
Is this the primary contact for this specific role?,Là này the chính Liên hệ cho này cụ thể vai trò?,health_crm
Issued By,Cấp Bởi,health_crm
Kinship Title,Quan hệ họ hàng Tiêu đề,health_crm
Last Updated by,Last Cập nhậtd bởi,health_crm
Last Updated on,Last Cập nhậtd trên,health_crm
Lead,Tiềm năng,health_crm
Lead Follow-up Required,Tiềm năng Theo dõi Bắt buộc,health_crm
Lead Reason,Tiềm năng Lý do,health_crm
Lead Reason Name,Tiềm năng Lý do Tên,health_crm
Lead Reasons,Tiềm năng Lý dos,health_crm
Lead Status,Tiềm năng Trạng thái,health_crm
Lead Type,Tiềm năng Loại,health_crm
"Lead reasons help categorize the motivation or source behind leads and opportunities.
                This is useful for tracking conversion sources and marketing effectiveness.","Tiềm năng lý dos Trợ giúp categorize the động lực hoặc Nguồn đằng sau tiềm năngs và opportđơn vịies.
                Này là useful cho Theo dõi chuyển đổi nguồns và tiếp thị hiệu quả.",health_crm
Lead/Opportunity,Tiềm năng/Cơ hội,health_crm
Leads,Tiềm năngs,health_crm
Legal Document Number,Pháp lý Tài liệu Số,health_crm
Legal Document Type,Pháp lý Tài liệu Loại,health_crm
Legal Documentation,Pháp lý Tài liệuation,health_crm
Legal Guardian,Pháp lý Người giám hộ,health_crm
Legal Guardians,Pháp lý Người giám hộs,health_crm
LinkedIn,Liên kếtedIn,health_crm
Loading relationship hierarchy...,Đang tải mối quan hệ hệ thống phân cấp...,health_crm
Loading relationship network...,Đang tải mối quan hệ mạng lưới...,health_crm
Lost,Thất bại,health_crm
Mark as the primary contact for this role,Đánh dấu là the chính Liên hệ cho này vai trò,health_crm
Marketing,Tiếp thị,health_crm
Marketing Campaign,Tiếp thị Chiến dịch,health_crm
Marriage Certificate (Giấy đăng ký kết hôn),Marriage Giấy chứng nhận (Giấy đăng ký kết hôn),health_crm
Matching Patients,Phù hợp Bệnh nhân,health_crm
Medical Permissions,Y khoa Quyềns,health_crm
Multilingual Support,Đa ngôn ngữ Hỗ trợ,health_crm
My Caregivers - %s,Của tôi Người chăm sócs - %s,health_crm
My Emergency Contacts - %s,Của tôi Khẩn cấp Liên hệs - %s,health_crm
My Legal Guardians - %s,Của tôi Pháp lý Người giám hộs - %s,health_crm
My Patients,Của tôi Bệnh nhân,health_crm
My Payers - %s,Của tôi Người thanh toáns - %s,health_crm
My Referrers - %s,Của tôi Người giới thiệus - %s,health_crm
My Representatives,Của tôi Người đại diệns,health_crm
My Support Team,Của tôi Hỗ trợ Đội,health_crm
Name of the contact reason,Tên of the Liên hệ lý do,health_crm
Name of the lead reason,Tên of the tiềm năng lý do,health_crm
Name the person prefers to be called (from Excel CMF),Tên the person prefers Đến be called (Từ Excel CMF),health_crm
National ID Card (CCCD/CMND),Căn cước công dân Thẻ (CCCD/CMND),health_crm
Negotiation,Đàm phán,health_crm
Neighbor,Hàng xóm,health_crm
Network Graph,Mạng lưới Biểu đồ,health_crm
New Contact,Mới Liên hệ,health_crm
Next Action At,Tiếp theo Hành động Tại,health_crm
Next Follow-up Date,Tiếp theo Theo dõi Ngày,health_crm
No Booking,Không Đặt lịch,health_crm
No Relationships Found,Không Mối quan hệs Được tìm thấy,health_crm
No Response,Không Response,health_crm
Northern,Miền Bắcern,health_crm
Not Qualified,Not Đạt yêu cầu,health_crm
Number of appointments generated from this lead,Số of Các cuộc hẹn geneđánh giád Từ này tiềm năng,health_crm
Number of days from creation to close (if closed),Số of days Từ creation Đến Đóng (nếu đóngd),health_crm
Number of days since the lead was created,Số of days since the tiềm năng was Đã tạo,health_crm
Number of leads using this province,Số of tiềm năngs using này Tỉnh,health_crm
Number of times this reason has been used,Số of giờs này lý do has been used,health_crm
Only one primary %s is allowed per client. Please remove the primary designation from %s first.,Only one chính %s là allowed per Khách hàng. Vui lòng Gỡ bỏ the chính designation Từ %s đầu tiên.,health_crm
Operations,Vận hành,health_crm
Operations Management,Vận hành Quản lý,health_crm
Opportunity,Cơ hội,health_crm
Other Legal Document,Khác Pháp lý Tài liệu,health_crm
Other Relative,Khác Relative,health_crm
Outbound Call,Cuộc gọi đi,health_crm
Outcome of healthcare contact,Kết quả of Y tế Liên hệ,health_crm
Palliative Care,Chăm sóc giảm nhẹ Care,health_crm
Parent,Cha mẹ,health_crm
Patient Acquired,Bệnh nhân Acquired,health_crm
Patient Referral,Bệnh nhân Giới thiệu,health_crm
Patients  •,Bệnh nhân  •,health_crm
Patients I Support,Bệnh nhân I Hỗ trợ,health_crm
Payer,Người thanh toán,health_crm
Payers,Người thanh toáns,health_crm
Pending Follow-up,Đang chờ Theo dõi,health_crm
People who represent or support me,People ai đại diện hoặc hỗ trợ me,health_crm
Percentage of financial responsibility (0-100%),Phần trăm of financial responsibility (0-100%),health_crm
Permissions,Quyềns,health_crm
Person representing the client,Person đại diệning the Khách hàng,health_crm
Person who referred this lead,Person ai referred này tiềm năng,health_crm
Phone Inquiry,Điện thoại Yêu cầu,health_crm
Please select a representative.,Vui lòng Chọn a người đại diện.,health_crm
Please specify the service interest before converting to appointment.,Vui lòng chỉ định the dịch vụ quan tâm trước chuyển đổi Đến Cuộc hẹn.,health_crm
Please specify the service interest before converting to booking.,Vui lòng chỉ định the dịch vụ quan tâm trước chuyển đổi Đến đặt lịch.,health_crm
Power of Attorney (Giấy ủy quyền),Power of Attorney (Giấy ủy quyền),health_crm
Preferred Contact Method,Ưa thích Liên hệ Phương thức,health_crm
Preferred Language,Ưa thích Ngôn ngữ,health_crm
Preferred Name,Ưa thích Tên,health_crm
Preferred Service Area,Ưa thích Dịch vụ Diện tích,health_crm
Preferred calling name,Ưa thích gọi Tên,health_crm
Preventive,Phòng ngừa,health_crm
Primary Only,Chính Only,health_crm
Primary caregiver for this lead,Người chăm sóc chính cho này tiềm năng,health_crm
Primary for this Role,Chính cho này Vai trò,health_crm
Primary person/entity responsible for payments,Chính người/tổ chức Người phụ trách cho thanh toán,health_crm
Primary relationships  •,Chính mối quan hệ  •,health_crm
Priority #,Ưu tiên #,health_crm
Priority order must be a positive number.,Ưu tiên thứ tự must be a positive Số.,health_crm
Professional Care Provider,Chuyên nghiệp Care Nhà cung cấp,health_crm
Professional Service Provider,Chuyên nghiệp Dịch vụ Nhà cung cấp,health_crm
Proposal,Đề xuất,health_crm
Province Name (English),Tỉnh Tên (Tiếng Anh),health_crm
"Province lookup table for Vietnamese locations used in CRM leads.
                This helps track geographic distribution of leads and customers.","Tỉnh bảng tra cứu cho Tiếng Việt địa điểm được sử dụng trong CRM tiềm năngs.
                Này giúp theo dõi phân bố địa lý of tiềm năngs và khách hàng.",health_crm
Province name must be unique!,Tỉnh Tên must be unique!,health_crm
Province/City,Tỉnh/Thành phố,health_crm
Provinces/Cities,Tỉnh/Thànhs/Cities,health_crm
Qualified,Đạt yêu cầu,health_crm
Reason Code,Lý do Mã,health_crm
Reason Name,Lý do Tên,health_crm
Reason for the initial contact (Sales/OM purposes),Lý do cho the ban đầu Liên hệ (Kinh doanh/OM purposes),health_crm
Reason for this lead/opportunity (different from contact reason),Lý do cho này tiềm năng/cơ hội (different Từ Liên hệ lý do),health_crm
Reason if Rejected,Lý do nếu Từ chốied,health_crm
Referral & Emergency Information,Giới thiệu & Khẩn cấp Thông tin,health_crm
Referrer,Người giới thiệu,health_crm
Referrers,Người giới thiệus,health_crm
Region,Vùng,health_crm
Rehabilitation Services,Phục hồi chức năng Dịch vụs,health_crm
Rejected,Từ chốied,health_crm
Relationship Added,Mối quan hệ Đã thêm,health_crm
Relationship Analysis Dashboard,Mối quan hệ Phân tích Bảng điều khiển,health_crm
Relationship Details,Mối quan hệ Chi tiết,health_crm
Relationship Network,Mối quan hệ Mạng lưới,health_crm
Relationship Network - %s,Mối quan hệ Mạng lưới - %s,health_crm
Relationship Network Analysis,Mối quan hệ Mạng lưới Phân tích,health_crm
Relationship Network Graph,Mối quan hệ Mạng lưới Biểu đồ,health_crm
Relationship Timeline,Mối quan hệ Dòng thời gian,health_crm
Relationship Type,Mối quan hệ Loại,health_crm
Relationship direction (Patient → Representative),Mối quan hệ hướng (Bệnh nhân → Người đại diện),health_crm
Remove relationship,Gỡ bỏ mối quan hệ,health_crm
Repeat Contact,Lặp lại Liên hệ,health_crm
Reporting,Báo cáo,health_crm
Representative,Người đại diện,health_crm
Representative details are already complete.,Người đại diện Chi tiết are already Hoàn thành.,health_crm
Representatives  •,Người đại diệns  •,health_crm
Role,Vai trò,health_crm
Sales,Kinh doanh,health_crm
Sales Inquiry,Kinh doanh Yêu cầu,health_crm
Sales Teams,Kinh doanh Độis,health_crm
Schedule Follow-up,Lịch trình Theo dõi,health_crm
Search Contact Reasons,Tìm kiếm Liên hệ Lý dos,health_crm
Search Healthcare Relationships,Tìm kiếm Y tế Mối quan hệs,health_crm
Search Lead Reasons,Tìm kiếm Tiềm năng Lý dos,health_crm
Search Provinces,Tìm kiếm Tỉnh/Thànhs,health_crm
Search or create new partner...,Tìm kiếm hoặc Tạo mới Mới Đối tác...,health_crm
Secondary Caregiver,Giâyary Người chăm sóc,health_crm
Secondary caregiver for this lead (Caregiver 2 ID),Giâyary Người chăm sóc cho này tiềm năng (Người chăm sóc 2 ID),health_crm
Select Client,Chọn Khách hàng,health_crm
Select Existing Client,Chọn Hiện có Khách hàng,health_crm
Select Representative,Chọn Người đại diện,health_crm
Select This Client,Chọn Này Khách hàng,health_crm
Select existing partner or create new one,Chọn hiện có Đối tác hoặc Tạo mới Mới one,health_crm
Sequence for ordering provinces,Trình tự cho thứ tựing tỉnh/thànhs,health_crm
Sequence for ordering reasons,Trình tự cho thứ tựing lý dos,health_crm
Sequential contact number per city (from Excel requirement),Tuần tự Liên hệ Số per Thành phố (Từ Excel yêu cầu),health_crm
Service & Booking,Dịch vụ & Đặt lịch,health_crm
Service Areas,Dịch vụ Diện tíchs,health_crm
Service Booked,Dịch vụ Đã đặt,health_crm
Service Interest,Dịch vụ Quan tâm,health_crm
Service Proposal,Dịch vụ Đề xuất,health_crm
Service Qualification,Dịch vụ Qualification,health_crm
Service Requirements,Dịch vụ Yêu cầus,health_crm
Set as Primary,Set như là Chính,health_crm
Short code for the contact reason,Short Mã cho the Liên hệ lý do,health_crm
Short code for the lead reason,Short Mã cho the tiềm năng lý do,health_crm
"Short code for the province (e.g., HCM, HN, DN)","Short Mã cho the Tỉnh (e.g., HCM, HN, DN)",health_crm
Sibling,Anh/Chị/Em,health_crm
Social Media,Mạng xã hội,health_crm
Source & Campaign,Nguồn & Chiến dịch,health_crm
Source Tracking,Nguồn Theo dõi,health_crm
Southern,Miền Tênrn,health_crm
Specific Vietnamese contact channel,Cụ thể Tiếng Việt Liên hệ kênh,health_crm
Specific healthcare service requirements and notes,Cụ thể Y tế dịch vụ yêu cầus và Ghi chú,health_crm
Spouse,Vợ/Chồng,health_crm
Stages,Giai đoạns,health_crm
Start Date,Ngày bắt đầu,health_crm
Support,Hỗ trợ,health_crm
Test Widget Works!,Kiểm tra Tiện ích Works!,health_crm
The person representing or supporting the client,The person đại diệning hoặc hỗ trợing the Khách hàng,health_crm
The personal or professional relationship type,The cá nhân hoặc chuyên nghiệp mối quan hệ Loại,health_crm
The role this representative plays for the client,The vai trò này người đại diện plays cho the Khách hàng,health_crm
The role this representative will play,The vai trò này người đại diện will play,health_crm
Thick lines:,Đường kẻ đậm:,health_crm
This partner doesn't have any relationship records yet.,Này Đối tác doesn't have bất kỳ mối quan hệ bản ghis yet.,health_crm
Total Caregivers,Tổng cộng Người chăm sócs,health_crm
Total Emergency Contacts,Tổng cộng Khẩn cấp Liên hệs,health_crm
Total Legal Guardians,Tổng cộng Pháp lý Người giám hộs,health_crm
Total Payers,Tổng cộng Người thanh toáns,health_crm
Total Referrers,Tổng cộng Người giới thiệus,health_crm
Total Relationships,Tổng cộng Mối quan hệs,health_crm
Total number of all relationships for this person,Tổng cộng Số of Tất cả mối quan hệ cho này person,health_crm
Type of healthcare service the lead is interested in,Loại of Y tế dịch vụ the tiềm năng là quan tâmed trong,health_crm
Type of legal document establishing this relationship,Loại of tài liệu pháp lý establishing này mối quan hệ,health_crm
Unique Contact Code,Unique Liên hệ Mã,health_crm
Usage Count,Sử dụng Số lượng,health_crm
Vietnamese,Tiếng Việt,health_crm
Vietnamese Channel,Tiếng Việt Kênh,health_crm
Vietnamese Citizen Identification Card Number (from Excel CMF),Tiếng Việt Công dân Định danh Thẻ Số (Từ Excel CMF),health_crm
Vietnamese Healthcare Team,Tiếng Việt Y tế Đội,health_crm
Vietnamese Honorific Title (from Excel CMF),Tiếng Việt Honorific Tiêu đề (Từ Excel CMF),health_crm
Vietnamese Legal Documents,Tiếng Việt Pháp lý Tài liệus,health_crm
Vietnamese Province,Tiếng Việt Tỉnh,health_crm
Vietnamese Province/City,Tiếng Việt Tỉnh/Thành phố,health_crm
Vietnamese Provinces,Tiếng Việt Tỉnh/Thànhs,health_crm
Vietnamese name of the province/city,Tên tiếng Việt of the Tỉnh/Thành phố,health_crm
Vietnamese province or city for this lead,Tiếng Việt Tỉnh hoặc Thành phố cho này tiềm năng,health_crm
Vietnamese translation of the reason name,Tiếng Việt translation of the lý do Tên,health_crm
View interactive relationship network graph,Xem tương tác mối quan hệ mạng lưới biểu đồ,health_crm
Visual display of all healthcare roles this person has,Hiển thị trực quan of Tất cả Y tế vai tròs này person has,health_crm
Website Contact Form,Trang web Liên hệ Biểu mẫu,health_crm
Website Form,Trang web Biểu mẫu,health_crm
Website Inquiry,Trang web Yêu cầu,health_crm
When this relationship ended (if applicable),Khi nào này mối quan hệ ended (nếu áp dụng),health_crm
When this relationship started,Khi nào này mối quan hệ bắt đầued,health_crm
Whether this is a new or repeat contact,Whether này là a Mới hoặc lặp lại Liên hệ,health_crm
Whether this lead requires follow-up action,Whether này tiềm năng requires Theo dõi hành động,health_crm
"Whether this reason applies to leads, opportunities, or both","Whether này lý do applies Đến tiềm năngs, opportđơn vịies, hoặc cả hai",health_crm
Won,Thành công,health_crm
Word of Mouth,Truyền miệng,health_crm
ZIP,Mã bưu điện,health_crm
Zalo Marketing,Zalo Tiếp thị,health_crm
Zalo Number,Zalo Số,health_crm
Zalo contact number,Zalo Liên hệ Số,health_crm
Zalo number,Zalo Số,health_crm
client (primary + additional),Khách hàng (chính + bổ sung),health_crm
client (when you are not the client yourself),Khách hàng (khi nào you are not the Khách hàng của bạnself),health_crm
client medical information,Khách hàng Thông tin y tế,health_crm
client receiving this relationship,Khách hàng nhận này mối quan hệ,health_crm
client record if converted,Khách hàng bản ghi nếu đã chuyển đổi,health_crm
clients I represent or support,Khách hàng I đại diện hoặc hỗ trợ,health_crm
clients for whom I am a representative,Khách hàng cho người mà I am a người đại diện,health_crm
clients/clients,Khách hàng/Khách hàng,health_crm
"Ông, Bà, Anh, Chị...","Ông, Bà, Anh, Chị...",health_crm
__ Blue circles:,👤 Vòng tròn xanh:,health_crm
__ Light blue circles:,👥 Vòng tròn xanh nhạt:,health_crm
Detailed Reason,Lý do chi tiết,health_crm
Sub-Category,Danh mục phụ,health_crm
Booking Summary,Tóm tắt lịch hẹn,health_crm
Tax Number,Mã số thuế,health_crm
Other Contact Details,Chi tiết liên hệ khác,health_crm
Their Relationship to Client,Mối quan hệ với khách hàng,health_crm
Reported By (us),Được báo cáo bởi (chúng tôi),health_crm
Alternative Telephone,Số điện thoại thay thế,health_crm
Referrer Details,Chi tiết người giới thiệu,health_crm
Client ID,Mã khách hàng,health_crm
Tên,Tên,health_crm
Assign To,Phân công cho,health_crm
Finish &amp; Create Booking,Hoàn tất & Tạo lịch hẹn,health_crm
Ngày liên hệ,Ngày liên hệ,health_crm
Apartment/Unit,Căn hộ/Phòng,health_crm
Escalate Contact,Chuyển cấp liên hệ,health_crm
Building Name,Tên tòa nhà,health_crm
Commission Details,Chi tiết hoa hồng,health_crm
Cancellation Reason,Lý do hủy,health_crm
← TRANG CHỦ (Đánh dấu rác),← TRANG CHỦ (Đánh dấu rác),health_crm
Consultation from,Tư vấn từ,health_crm
Alley/Lane,Ngõ/Hẻm,health_crm
Recorded At,Được ghi lại lúc,health_crm
Sub-Alley,Ngách,health_crm
Specific Person (Optional),Người cụ thể (Tùy chọn),health_crm
Select Contact,Chọn liên hệ,health_crm
This is a New Client,Đây là khách hàng mới,health_crm
Phương thức liên hệ,Phương thức liên hệ,health_crm
Reschedule?,Lên lịch lại?,health_crm
Client wants to reschedule?,Khách hàng muốn lên lịch lại?,health_crm
Previous,Trang trước,health_crm
Edit Address,Sửa địa chỉ,health_crm
Service Fee (VND),Phí dịch vụ (VNĐ),health_crm
Person,Người,health_crm
Hủy,Hủy,health_crm
Escalation Details,Chi tiết chuyển cấp,health_crm
→ Select,→ Chọn,health_crm
Select,Chọn,health_crm
Thông tin liên hệ,Thông tin liên hệ,health_crm
Tỉnh thành phân vùng,Tỉnh thành phân vùng,health_crm
Duration (Hours),Thời lượng (Giờ),health_crm
Associated Client,Khách hàng liên kết,health_crm
Time,Giờ,health_crm
Full Name,Họ và tên,health_crm
Position/Role,Vị trí/Vai trò,health_crm
Next,Trang sau,health_crm
Date &amp; Time,Ngày & Giờ,health_crm
Confirm Escalation,Xác nhận chuyển cấp,health_crm
Create Booking,Tạo lịch hẹn,health_crm
Additional Notes,Ghi chú bổ sung,health_crm
House Number,Số nhà,health_crm
Name (on client side),Tên (Phía khách hàng),health_crm
Số điện thoại,Số điện thoại,health_crm
Contact ID,Mã liên hệ,health_crm
Sử dụng liên hệ hiện có,Sử dụng liên hệ hiện có,health_crm
Reason Category,Danh mục lý do,health_crm
Reschedule Preferences,Sở thích lên lịch lại,health_crm
Send Consultation Request,Gửi yêu cầu tư vấn,health_crm
Escalate To,Chuyển cấp đến,health_crm
District,Quận/Huyện,health_crm
Who Cancelled?,Người hủy?,health_crm
TIẾP THEO →,TIẾP THEO →,health_crm
Record Cancellation,Ghi nhận hủy,health_crm
Mã liên hệ,Mã liên hệ,health_crm
Commission Due To,Hoa hồng cho,health_crm
Lead ID,Mã tiềm năng,health_crm
New Client Information,Thông tin khách hàng mới,health_crm
Reason for Escalation,Lý do chuyển cấp,health_crm
Loại,Loại,health_crm
City/Province,Tỉnh/Thành phố,health_crm
Back to Contact,Quay lại liên hệ,health_crm
__ Tìm kiếm,🔍 Tìm kiếm,health_crm
Associated Leads,Tiềm năng liên kết,health_crm
Representative Details,Chi tiết người đại diện,health_crm
Commission %,% Hoa hồng,health_crm
Representative Address,Địa chỉ người đại diện,health_crm
Save Address,Lưu địa chỉ,health_crm
Continue as New Contact,Tiếp tục tạo mới,health_crm
Service Selection,Chọn dịch vụ,health_crm
Liên hệ mới,Liên hệ mới,health_crm